scenario,profile,returncode,success,first_ms,first_cost,second_ms,second_cost,best_50_cost,final_cost,improvement_count,search_ms,repetition
01_one_agent_cross_workspace,narrow_w2_b4,0,True,41.6725,6.5,,,6.5,6.5,1,57.0673,1
01_one_agent_cross_workspace,narrow_w2_b4,0,True,37.7323,6.5,,,6.5,6.5,1,51.2145,2
01_one_agent_cross_workspace,narrow_w2_b4,0,True,38.51,6.5,,,6.5,6.5,1,52.2092,3
01_one_agent_cross_workspace,narrow_w2_b4,0,True,41.4271,6.5,,,6.5,6.5,1,57.2139,4
01_one_agent_cross_workspace,narrow_w2_b4,0,True,43.3818,6.5,,,6.5,6.5,1,59.0668,5
02_one_agent_short_turn,narrow_w2_b4,0,True,0.292775,4.0,,,4.0,4.0,1,2.44835,1
02_one_agent_short_turn,narrow_w2_b4,0,True,0.24148,4.0,,,4.0,4.0,1,2.26896,2
02_one_agent_short_turn,narrow_w2_b4,0,True,0.229523,4.0,,,4.0,4.0,1,2.19342,3
02_one_agent_short_turn,narrow_w2_b4,0,True,0.250096,4.0,,,4.0,4.0,1,2.37198,4
02_one_agent_short_turn,narrow_w2_b4,0,True,0.245178,4.0,,,4.0,4.0,1,2.4242,5
03_one_agent_top_reorient,narrow_w2_b4,0,True,0.656594,3.5,1.38635,3.0,3.0,3.0,2,1.42282,1
03_one_agent_top_reorient,narrow_w2_b4,0,True,0.727761,3.5,1.52295,3.0,3.0,3.0,2,1.56216,2
03_one_agent_top_reorient,narrow_w2_b4,0,True,0.672608,3.5,1.43146,3.0,3.0,3.0,2,1.4694,3
03_one_agent_top_reorient,narrow_w2_b4,0,True,0.702513,3.5,1.51422,3.0,3.0,3.0,2,1.57073,4
03_one_agent_top_reorient,narrow_w2_b4,0,True,0.735354,3.5,1.56306,3.0,3.0,3.0,2,1.60445,5
04_two_agent_relocation,narrow_w2_b4,0,True,0.858994,4.5,1.41022,4.0,4.0,4.0,2,3.3684,1
04_two_agent_relocation,narrow_w2_b4,0,True,0.725409,4.5,1.35905,4.0,4.0,4.0,2,3.55475,2
04_two_agent_relocation,narrow_w2_b4,0,True,0.707173,4.5,1.31479,4.0,4.0,4.0,2,3.49227,3
04_two_agent_relocation,narrow_w2_b4,0,True,0.722056,4.5,1.36231,4.0,4.0,4.0,2,3.62221,4
04_two_agent_relocation,narrow_w2_b4,0,True,0.75482,4.5,1.3179,4.0,4.0,4.0,2,3.31916,5
05_two_agent_crossing,narrow_w2_b4,0,True,74.6435,7.0,,,,7.0,1,104.395,1
05_two_agent_crossing,narrow_w2_b4,0,True,73.8231,7.0,,,,7.0,1,101.933,2
05_two_agent_crossing,narrow_w2_b4,0,True,67.5925,7.0,,,,7.0,1,96.2396,3
05_two_agent_crossing,narrow_w2_b4,0,True,68.2705,7.0,,,,7.0,1,97.3602,4
05_two_agent_crossing,narrow_w2_b4,0,True,75.8051,7.0,,,,7.0,1,104.645,5
06_two_agent_diagonal,narrow_w2_b4,0,True,7.56264,6.0,,,6.0,6.0,1,25.3265,1
06_two_agent_diagonal,narrow_w2_b4,0,True,6.80816,6.0,,,6.0,6.0,1,24.2526,2
06_two_agent_diagonal,narrow_w2_b4,0,True,7.34795,6.0,,,6.0,6.0,1,25.0563,3
06_two_agent_diagonal,narrow_w2_b4,0,True,6.59661,6.0,,,6.0,6.0,1,22.0302,4
06_two_agent_diagonal,narrow_w2_b4,0,True,6.68392,6.0,,,6.0,6.0,1,22.2459,5
07_three_agent_relay,narrow_w2_b4,0,True,17.7936,6.5,,,6.5,6.5,1,35.2873,1
07_three_agent_relay,narrow_w2_b4,0,True,18.0586,6.5,,,6.5,6.5,1,37.1956,2
07_three_agent_relay,narrow_w2_b4,0,True,19.5543,6.5,,,6.5,6.5,1,36.7156,3
07_three_agent_relay,narrow_w2_b4,0,True,17.2494,6.5,,,6.5,6.5,1,34.5407,4
07_three_agent_relay,narrow_w2_b4,0,True,17.5763,6.5,,,6.5,6.5,1,35.3692,5
08_three_agent_dense,narrow_w2_b4,0,True,15.5749,7.5,43.7213,7.0,7.0,7.0,2,66.605,1
08_three_agent_dense,narrow_w2_b4,0,True,12.2363,7.5,36.3102,7.0,7.0,7.0,2,55.4445,2
08_three_agent_dense,narrow_w2_b4,0,True,12.4267,7.5,37.5557,7.0,7.0,7.0,2,56.7643,3
08_three_agent_dense,narrow_w2_b4,0,True,12.0754,7.5,35.8284,7.0,7.0,7.0,2,54.7085,4
08_three_agent_dense,narrow_w2_b4,0,True,13.9474,7.5,38.8781,7.0,7.0,7.0,2,60.7175,5
09_three_agent_diagonal,narrow_w2_b4,0,True,37.2569,6.5,,,6.5,6.5,1,69.6347,1
09_three_agent_diagonal,narrow_w2_b4,0,True,30.2582,6.5,,,6.5,6.5,1,59.5583,2
09_three_agent_diagonal,narrow_w2_b4,0,True,33.2264,6.5,,,6.5,6.5,1,64.819,3
09_three_agent_diagonal,narrow_w2_b4,0,True,33.3248,6.5,,,6.5,6.5,1,64.8733,4
09_three_agent_diagonal,narrow_w2_b4,0,True,30.3796,6.5,,,6.5,6.5,1,59.2539,5
10_three_agent_swap_and_exit,narrow_w2_b4,0,True,28.4268,6.5,45.2509,6.0,6.0,6.0,2,60.4059,1
10_three_agent_swap_and_exit,narrow_w2_b4,0,True,28.9553,6.5,45.8691,6.0,6.0,6.0,2,60.855,2
10_three_agent_swap_and_exit,narrow_w2_b4,0,True,28.2786,6.5,45.1692,6.0,6.0,6.0,2,61.0916,3
10_three_agent_swap_and_exit,narrow_w2_b4,0,True,28.1725,6.5,45.1085,6.0,6.0,6.0,2,60.4761,4
10_three_agent_swap_and_exit,narrow_w2_b4,0,True,28.3616,6.5,45.0314,6.0,6.0,6.0,2,60.1535,5
11_three_agent_fast_cycle,narrow_w2_b4,0,True,3.24861,6.5,,,6.5,6.5,1,44.1095,1
11_three_agent_fast_cycle,narrow_w2_b4,0,True,3.04462,6.5,,,6.5,6.5,1,43.3159,2
11_three_agent_fast_cycle,narrow_w2_b4,0,True,3.06765,6.5,,,6.5,6.5,1,43.0477,3
11_three_agent_fast_cycle,narrow_w2_b4,0,True,3.14512,6.5,,,6.5,6.5,1,42.9574,4
11_three_agent_fast_cycle,narrow_w2_b4,0,True,3.18864,6.5,,,6.5,6.5,1,44.1226,5
12_one_agent_left_dock,narrow_w2_b4,0,True,0.102839,1.5,,,1.5,1.5,1,0.110704,1
12_one_agent_left_dock,narrow_w2_b4,0,True,0.103469,1.5,,,1.5,1.5,1,0.110653,2
12_one_agent_left_dock,narrow_w2_b4,0,True,0.112824,1.5,,,1.5,1.5,1,0.121231,3
12_one_agent_left_dock,narrow_w2_b4,0,True,0.113256,1.5,,,1.5,1.5,1,0.122045,4
12_one_agent_left_dock,narrow_w2_b4,0,True,0.111157,1.5,,,1.5,1.5,1,0.119561,5
13_one_agent_right_dock,narrow_w2_b4,0,True,0.28559,1.5,,,1.5,1.5,1,0.293122,1
13_one_agent_right_dock,narrow_w2_b4,0,True,0.202987,1.5,,,1.5,1.5,1,0.211789,2
13_one_agent_right_dock,narrow_w2_b4,0,True,0.197216,1.5,,,1.5,1.5,1,0.205728,3
13_one_agent_right_dock,narrow_w2_b4,0,True,0.218098,1.5,,,1.5,1.5,1,0.227613,4
13_one_agent_right_dock,narrow_w2_b4,0,True,0.202533,1.5,,,1.5,1.5,1,0.211383,5
14_one_agent_bottom_reverse,narrow_w2_b4,0,True,0.892394,3.5,,,3.5,3.5,1,1.3582,1
14_one_agent_bottom_reverse,narrow_w2_b4,0,True,0.825055,3.5,,,3.5,3.5,1,1.27095,2
14_one_agent_bottom_reverse,narrow_w2_b4,0,True,0.84411,3.5,,,3.5,3.5,1,1.27935,3
14_one_agent_bottom_reverse,narrow_w2_b4,0,True,0.910764,3.5,,,3.5,3.5,1,1.39285,4
14_one_agent_bottom_reverse,narrow_w2_b4,0,True,0.953216,3.5,,,3.5,3.5,1,1.45996,5
15_one_agent_top_transfer,narrow_w2_b4,0,True,0.492411,2.0,,,2.0,2.0,1,0.509617,1
15_one_agent_top_transfer,narrow_w2_b4,0,True,0.446814,2.0,,,2.0,2.0,1,0.463705,2
15_one_agent_top_transfer,narrow_w2_b4,0,True,0.589446,2.0,,,2.0,2.0,1,0.610896,3
15_one_agent_top_transfer,narrow_w2_b4,0,True,0.460344,2.0,,,2.0,2.0,1,0.475962,4
15_one_agent_top_transfer,narrow_w2_b4,0,True,0.475706,2.0,,,2.0,2.0,1,0.492546,5
16_one_agent_diagonal_goal,narrow_w2_b4,1,False,,,,,,,0,11.6091,1
16_one_agent_diagonal_goal,narrow_w2_b4,1,False,,,,,,,0,11.9711,2
16_one_agent_diagonal_goal,narrow_w2_b4,1,False,,,,,,,0,12.8648,3
16_one_agent_diagonal_goal,narrow_w2_b4,1,False,,,,,,,0,11.7431,4
16_one_agent_diagonal_goal,narrow_w2_b4,1,False,,,,,,,0,11.9444,5
17_one_agent_diagonal_shift,narrow_w2_b4,0,True,0.37145,3.5,,,3.5,3.5,1,0.70177,1
17_one_agent_diagonal_shift,narrow_w2_b4,0,True,0.394528,3.5,,,3.5,3.5,1,0.747352,2
17_one_agent_diagonal_shift,narrow_w2_b4,0,True,0.359777,3.5,,,3.5,3.5,1,0.669051,3
17_one_agent_diagonal_shift,narrow_w2_b4,0,True,0.372578,3.5,,,3.5,3.5,1,0.702583,4
17_one_agent_diagonal_shift,narrow_w2_b4,0,True,0.336354,3.5,,,3.5,3.5,1,0.634381,5
18_one_agent_top_lane,narrow_w2_b4,0,True,0.889735,4.0,,,4.0,4.0,1,1.81382,1
18_one_agent_top_lane,narrow_w2_b4,0,True,0.862908,4.0,,,4.0,4.0,1,1.76768,2
18_one_agent_top_lane,narrow_w2_b4,0,True,1.10477,4.0,,,4.0,4.0,1,2.10183,3
18_one_agent_top_lane,narrow_w2_b4,0,True,0.877303,4.0,,,4.0,4.0,1,1.77622,4
18_one_agent_top_lane,narrow_w2_b4,0,True,0.984517,4.0,,,4.0,4.0,1,1.91072,5
19_two_agent_diverge,narrow_w2_b4,0,True,0.672119,4.5,1.24505,4.0,4.0,4.0,2,3.24986,1
19_two_agent_diverge,narrow_w2_b4,0,True,0.648514,4.5,1.20646,4.0,4.0,4.0,2,3.15719,2
19_two_agent_diverge,narrow_w2_b4,0,True,0.664186,4.5,1.23409,4.0,4.0,4.0,2,3.24056,3
19_two_agent_diverge,narrow_w2_b4,0,True,0.671152,4.5,1.2459,4.0,4.0,4.0,2,3.28198,4
19_two_agent_diverge,narrow_w2_b4,0,True,0.672133,4.5,1.21318,4.0,4.0,4.0,2,3.20195,5
20_two_agent_center_exchange,narrow_w2_b4,0,True,0.995677,2.5,,,2.5,2.5,1,1.19012,1
20_two_agent_center_exchange,narrow_w2_b4,0,True,1.0244,2.5,,,2.5,2.5,1,1.22408,2
20_two_agent_center_exchange,narrow_w2_b4,0,True,1.04143,2.5,,,2.5,2.5,1,1.24425,3
20_two_agent_center_exchange,narrow_w2_b4,0,True,1.03375,2.5,,,2.5,2.5,1,1.23936,4
20_two_agent_center_exchange,narrow_w2_b4,0,True,1.03058,2.5,,,2.5,2.5,1,1.23279,5
21_two_agent_long_relocation,narrow_w2_b4,0,True,0.448225,3.0,,,3.0,3.0,1,1.27913,1
21_two_agent_long_relocation,narrow_w2_b4,0,True,0.452469,3.0,,,3.0,3.0,1,1.26433,2
21_two_agent_long_relocation,narrow_w2_b4,0,True,0.450784,3.0,,,3.0,3.0,1,1.26341,3
21_two_agent_long_relocation,narrow_w2_b4,0,True,0.449631,3.0,,,3.0,3.0,1,1.26269,4
21_two_agent_long_relocation,narrow_w2_b4,0,True,0.456443,3.0,,,3.0,3.0,1,1.29015,5
22_two_agent_vertical_top,narrow_w2_b4,0,True,4.29581,6.0,5.363,5.0,4.5,4.5,3,6.11339,1
22_two_agent_vertical_top,narrow_w2_b4,0,True,4.57116,6.0,5.70289,5.0,4.5,4.5,3,6.51334,2
22_two_agent_vertical_top,narrow_w2_b4,0,True,4.26022,6.0,5.30103,5.0,4.5,4.5,3,6.05555,3
22_two_agent_vertical_top,narrow_w2_b4,0,True,4.78699,6.0,5.9593,5.0,4.5,4.5,3,6.79247,4
22_two_agent_vertical_top,narrow_w2_b4,0,True,4.26064,6.0,5.32859,5.0,4.5,4.5,3,6.11455,5
23_two_agent_top_to_center,narrow_w2_b4,0,True,16.8434,8.0,49.0653,7.5,7.5,7.5,2,73.55,1
23_two_agent_top_to_center,narrow_w2_b4,0,True,16.862,8.0,49.1689,7.5,7.5,7.5,2,73.4477,2
23_two_agent_top_to_center,narrow_w2_b4,0,True,21.446,8.0,56.3436,7.5,8.0,7.5,2,83.8763,3
23_two_agent_top_to_center,narrow_w2_b4,0,True,16.8103,8.0,48.9096,7.5,7.5,7.5,2,73.6278,4
23_two_agent_top_to_center,narrow_w2_b4,0,True,18.1318,8.0,54.414,7.5,8.0,7.5,2,81.3827,5
24_two_agent_top_swap,narrow_w2_b4,0,True,0.811257,4.0,,,4.0,4.0,1,2.25187,1
24_two_agent_top_swap,narrow_w2_b4,0,True,0.714189,4.0,,,4.0,4.0,1,1.9829,2
24_two_agent_top_swap,narrow_w2_b4,0,True,0.718836,4.0,,,4.0,4.0,1,2.01044,3
24_two_agent_top_swap,narrow_w2_b4,0,True,0.799982,4.0,,,4.0,4.0,1,2.23639,4
24_two_agent_top_swap,narrow_w2_b4,0,True,0.836851,4.0,,,4.0,4.0,1,2.29918,5
25_two_agent_cross_lane,narrow_w2_b4,0,True,0.363751,3.0,,,3.0,3.0,1,0.756707,1
25_two_agent_cross_lane,narrow_w2_b4,0,True,0.320451,3.0,,,3.0,3.0,1,0.660591,2
25_two_agent_cross_lane,narrow_w2_b4,0,True,0.324974,3.0,,,3.0,3.0,1,0.66581,3
25_two_agent_cross_lane,narrow_w2_b4,0,True,0.353453,3.0,,,3.0,3.0,1,0.727207,4
25_two_agent_cross_lane,narrow_w2_b4,0,True,0.369194,3.0,,,3.0,3.0,1,0.765562,5
26_three_agent_corner_relay,narrow_w2_b4,0,True,11.1622,8.5,,,8.5,8.5,1,21.6655,1
26_three_agent_corner_relay,narrow_w2_b4,0,True,10.918,8.5,,,8.5,8.5,1,21.5393,2
26_three_agent_corner_relay,narrow_w2_b4,0,True,10.9214,8.5,,,8.5,8.5,1,21.5917,3
26_three_agent_corner_relay,narrow_w2_b4,0,True,11.6912,8.5,,,8.5,8.5,1,22.8105,4
26_three_agent_corner_relay,narrow_w2_b4,0,True,10.6017,8.5,,,8.5,8.5,1,20.1779,5
27_three_agent_compact_cycle,narrow_w2_b4,0,True,1.72135,5.5,,,5.5,5.5,1,17.6653,1
27_three_agent_compact_cycle,narrow_w2_b4,0,True,1.50654,5.5,,,5.5,5.5,1,15.4468,2
27_three_agent_compact_cycle,narrow_w2_b4,0,True,1.51544,5.5,,,5.5,5.5,1,15.8867,3
27_three_agent_compact_cycle,narrow_w2_b4,0,True,1.54458,5.5,,,5.5,5.5,1,16.6287,4
27_three_agent_compact_cycle,narrow_w2_b4,0,True,1.69763,5.5,,,5.5,5.5,1,17.7431,5
28_three_agent_center_swap,narrow_w2_b4,1,False,,,,,,,0,104.091,1
28_three_agent_center_swap,narrow_w2_b4,1,False,,,,,,,0,107.828,2
28_three_agent_center_swap,narrow_w2_b4,1,False,,,,,,,0,105.315,3
28_three_agent_center_swap,narrow_w2_b4,1,False,,,,,,,0,104.604,4
28_three_agent_center_swap,narrow_w2_b4,1,False,,,,,,,0,104.596,5
29_three_agent_lane_mix,narrow_w2_b4,0,True,1.52988,5.0,3.83873,4.5,4.5,4.5,2,4.04842,1
29_three_agent_lane_mix,narrow_w2_b4,0,True,1.46261,5.0,3.55362,4.5,4.5,4.5,2,3.75603,2
29_three_agent_lane_mix,narrow_w2_b4,0,True,1.55856,5.0,3.80765,4.5,4.5,4.5,2,4.01403,3
29_three_agent_lane_mix,narrow_w2_b4,0,True,1.46889,5.0,3.58617,4.5,4.5,4.5,2,3.79574,4
29_three_agent_lane_mix,narrow_w2_b4,0,True,2.02907,5.0,5.01587,4.5,4.5,4.5,2,5.32534,5
30_three_agent_corner_cycle,narrow_w2_b4,0,True,1.399,5.5,,,5.5,5.5,1,11.0762,1
30_three_agent_corner_cycle,narrow_w2_b4,0,True,1.37912,5.5,,,5.5,5.5,1,10.9454,2
30_three_agent_corner_cycle,narrow_w2_b4,0,True,1.38542,5.5,,,5.5,5.5,1,11.3091,3
30_three_agent_corner_cycle,narrow_w2_b4,0,True,1.20202,5.5,,,5.5,5.5,1,9.57959,4
30_three_agent_corner_cycle,narrow_w2_b4,0,True,1.3824,5.5,,,5.5,5.5,1,10.8926,5
01_one_agent_cross_workspace,narrow_w3_b4,0,True,92.3775,6.5,,,,6.5,1,104.445,1
01_one_agent_cross_workspace,narrow_w3_b4,1,False,,,,,,,0,104.0,2
01_one_agent_cross_workspace,narrow_w3_b4,0,True,94.8177,6.5,,,,6.5,1,103.998,3
01_one_agent_cross_workspace,narrow_w3_b4,0,True,92.089,6.5,,,,6.5,1,104.471,4
01_one_agent_cross_workspace,narrow_w3_b4,1,False,,,,,,,0,104.322,5
02_one_agent_short_turn,narrow_w3_b4,0,True,0.241969,4.0,,,4.0,4.0,1,2.19347,1
02_one_agent_short_turn,narrow_w3_b4,0,True,0.302574,4.0,,,4.0,4.0,1,2.3817,2
02_one_agent_short_turn,narrow_w3_b4,0,True,0.253115,4.0,,,4.0,4.0,1,2.40109,3
02_one_agent_short_turn,narrow_w3_b4,0,True,0.256659,4.0,,,4.0,4.0,1,2.5093,4
02_one_agent_short_turn,narrow_w3_b4,0,True,0.255458,4.0,,,4.0,4.0,1,2.43305,5
03_one_agent_top_reorient,narrow_w3_b4,0,True,0.584216,3.5,1.45393,3.0,3.0,3.0,2,1.49499,1
03_one_agent_top_reorient,narrow_w3_b4,0,True,0.646297,3.5,1.59566,3.0,3.0,3.0,2,1.64495,2
03_one_agent_top_reorient,narrow_w3_b4,0,True,0.788853,3.5,1.64512,3.0,3.0,3.0,2,1.68152,3
03_one_agent_top_reorient,narrow_w3_b4,0,True,0.586873,3.5,1.46177,3.0,3.0,3.0,2,1.4974,4
03_one_agent_top_reorient,narrow_w3_b4,0,True,0.569115,3.5,1.4201,3.0,3.0,3.0,2,1.45728,5
04_two_agent_relocation,narrow_w3_b4,0,True,0.616232,4.5,1.34001,4.0,4.0,4.0,2,3.53994,1
04_two_agent_relocation,narrow_w3_b4,0,True,0.662135,4.5,1.43837,4.0,4.0,4.0,2,4.93537,2
04_two_agent_relocation,narrow_w3_b4,0,True,0.678479,4.5,1.48371,4.0,4.0,4.0,2,3.77771,3
04_two_agent_relocation,narrow_w3_b4,0,True,0.647155,4.5,1.40135,4.0,4.0,4.0,2,3.69104,4
04_two_agent_relocation,narrow_w3_b4,0,True,0.575674,4.5,1.27356,4.0,4.0,4.0,2,3.40991,5
05_two_agent_crossing,narrow_w3_b4,0,True,8.82694,9.5,67.6072,7.0,9.5,7.0,2,86.3263,1
05_two_agent_crossing,narrow_w3_b4,0,True,8.56633,9.5,67.8355,7.0,9.5,7.0,2,87.1334,2
05_two_agent_crossing,narrow_w3_b4,0,True,7.98206,9.5,60.4281,7.0,9.5,7.0,2,77.4021,3
05_two_agent_crossing,narrow_w3_b4,0,True,8.16674,9.5,66.0599,7.0,9.5,7.0,2,84.9863,4
05_two_agent_crossing,narrow_w3_b4,0,True,10.5909,9.5,69.324,7.0,9.5,7.0,2,88.472,5
06_two_agent_diagonal,narrow_w3_b4,0,True,4.89181,6.0,,,6.0,6.0,1,21.9851,1
06_two_agent_diagonal,narrow_w3_b4,0,True,5.13222,6.0,,,6.0,6.0,1,25.4788,2
06_two_agent_diagonal,narrow_w3_b4,0,True,4.78027,6.0,,,6.0,6.0,1,22.6229,3
06_two_agent_diagonal,narrow_w3_b4,0,True,4.56933,6.0,,,6.0,6.0,1,21.5541,4
06_two_agent_diagonal,narrow_w3_b4,0,True,5.17472,6.0,,,6.0,6.0,1,24.4732,5
07_three_agent_relay,narrow_w3_b4,0,True,17.5849,6.5,,,6.5,6.5,1,44.4787,1
07_three_agent_relay,narrow_w3_b4,0,True,19.4106,6.5,,,6.5,6.5,1,47.3673,2
07_three_agent_relay,narrow_w3_b4,0,True,18.9762,6.5,,,6.5,6.5,1,43.0587,3
07_three_agent_relay,narrow_w3_b4,0,True,16.9091,6.5,,,6.5,6.5,1,40.957,4
07_three_agent_relay,narrow_w3_b4,0,True,18.563,6.5,,,6.5,6.5,1,44.5902,5
08_three_agent_dense,narrow_w3_b4,0,True,12.9058,9.0,19.4899,7.5,7.0,7.0,3,61.2558,1
08_three_agent_dense,narrow_w3_b4,0,True,13.7245,9.0,20.99,7.5,7.0,7.0,3,66.8079,2
08_three_agent_dense,narrow_w3_b4,0,True,15.1301,9.0,23.0149,7.5,7.0,7.0,3,68.1261,3
08_three_agent_dense,narrow_w3_b4,0,True,14.9145,9.0,22.5416,7.5,7.0,7.0,3,70.4414,4
08_three_agent_dense,narrow_w3_b4,0,True,15.1321,9.0,22.9593,7.5,7.0,7.0,3,71.1639,5
09_three_agent_diagonal,narrow_w3_b4,0,True,37.4555,6.5,,,6.5,6.5,1,68.8152,1
09_three_agent_diagonal,narrow_w3_b4,0,True,41.7613,6.5,,,6.5,6.5,1,76.194,2
09_three_agent_diagonal,narrow_w3_b4,0,True,41.9398,6.5,,,6.5,6.5,1,79.6439,3
09_three_agent_diagonal,narrow_w3_b4,0,True,41.9362,6.5,,,6.5,6.5,1,76.3825,4
09_three_agent_diagonal,narrow_w3_b4,0,True,41.6385,6.5,,,6.5,6.5,1,75.6133,5
10_three_agent_swap_and_exit,narrow_w3_b4,0,True,21.7559,7.5,53.2162,6.5,7.5,6.0,3,79.6653,1
10_three_agent_swap_and_exit,narrow_w3_b4,0,True,25.1477,7.5,55.3823,6.5,7.5,6.0,3,81.5506,2
10_three_agent_swap_and_exit,narrow_w3_b4,0,True,21.5281,7.5,48.4671,6.5,6.5,6.0,3,75.5437,3
10_three_agent_swap_and_exit,narrow_w3_b4,0,True,22.8407,7.5,49.6059,6.5,6.5,6.0,3,73.59,4
10_three_agent_swap_and_exit,narrow_w3_b4,0,True,24.0614,7.5,53.2046,6.5,7.5,6.0,3,78.7899,5
11_three_agent_fast_cycle,narrow_w3_b4,0,True,2.69077,7.0,14.9581,6.5,6.5,6.5,2,42.693,1
11_three_agent_fast_cycle,narrow_w3_b4,0,True,4.97812,7.0,18.415,6.5,6.5,6.5,2,49.9468,2
11_three_agent_fast_cycle,narrow_w3_b4,0,True,3.08035,7.0,17.249,6.5,6.5,6.5,2,49.0516,3
11_three_agent_fast_cycle,narrow_w3_b4,0,True,3.14938,7.0,17.2039,6.5,6.5,6.5,2,48.5988,4
11_three_agent_fast_cycle,narrow_w3_b4,0,True,2.87142,7.0,16.8308,6.5,6.5,6.5,2,49.025,5
12_one_agent_left_dock,narrow_w3_b4,0,True,0.135057,1.5,,,1.5,1.5,1,0.146517,1
12_one_agent_left_dock,narrow_w3_b4,0,True,0.114588,1.5,,,1.5,1.5,1,0.123629,2
12_one_agent_left_dock,narrow_w3_b4,0,True,0.116443,1.5,,,1.5,1.5,1,0.126596,3
12_one_agent_left_dock,narrow_w3_b4,0,True,0.118105,1.5,,,1.5,1.5,1,0.128441,4
12_one_agent_left_dock,narrow_w3_b4,0,True,0.119534,1.5,,,1.5,1.5,1,0.129963,5
13_one_agent_right_dock,narrow_w3_b4,0,True,0.198935,1.5,,,1.5,1.5,1,0.209316,1
13_one_agent_right_dock,narrow_w3_b4,0,True,0.200268,1.5,,,1.5,1.5,1,0.210088,2
13_one_agent_right_dock,narrow_w3_b4,0,True,0.223206,1.5,,,1.5,1.5,1,0.234329,3
13_one_agent_right_dock,narrow_w3_b4,0,True,0.199381,1.5,,,1.5,1.5,1,0.209579,4
13_one_agent_right_dock,narrow_w3_b4,0,True,0.197773,1.5,,,1.5,1.5,1,0.208298,5
14_one_agent_bottom_reverse,narrow_w3_b4,0,True,1.02448,3.5,,,3.5,3.5,1,1.50618,1
14_one_agent_bottom_reverse,narrow_w3_b4,0,True,0.921174,3.5,,,3.5,3.5,1,1.35584,2
14_one_agent_bottom_reverse,narrow_w3_b4,0,True,1.01017,3.5,,,3.5,3.5,1,1.48565,3
14_one_agent_bottom_reverse,narrow_w3_b4,0,True,1.02514,3.5,,,3.5,3.5,1,1.51169,4
14_one_agent_bottom_reverse,narrow_w3_b4,0,True,0.988952,3.5,,,3.5,3.5,1,1.45899,5
15_one_agent_top_transfer,narrow_w3_b4,0,True,0.482865,2.0,,,2.0,2.0,1,0.502073,1
15_one_agent_top_transfer,narrow_w3_b4,0,True,0.510841,2.0,,,2.0,2.0,1,0.530935,2
15_one_agent_top_transfer,narrow_w3_b4,0,True,0.651039,2.0,,,2.0,2.0,1,0.670743,3
15_one_agent_top_transfer,narrow_w3_b4,0,True,0.496778,2.0,,,2.0,2.0,1,0.51592,4
15_one_agent_top_transfer,narrow_w3_b4,0,True,0.479771,2.0,,,2.0,2.0,1,0.498974,5
16_one_agent_diagonal_goal,narrow_w3_b4,1,False,,,,,,,0,12.3464,1
16_one_agent_diagonal_goal,narrow_w3_b4,1,False,,,,,,,0,11.3466,2
16_one_agent_diagonal_goal,narrow_w3_b4,1,False,,,,,,,0,12.6605,3
16_one_agent_diagonal_goal,narrow_w3_b4,1,False,,,,,,,0,11.9982,4
16_one_agent_diagonal_goal,narrow_w3_b4,1,False,,,,,,,0,12.3718,5
17_one_agent_diagonal_shift,narrow_w3_b4,0,True,0.348348,3.5,,,3.5,3.5,1,0.649627,1
17_one_agent_diagonal_shift,narrow_w3_b4,0,True,0.350861,3.5,,,3.5,3.5,1,0.648075,2
17_one_agent_diagonal_shift,narrow_w3_b4,0,True,0.33961,3.5,,,3.5,3.5,1,0.643508,3
17_one_agent_diagonal_shift,narrow_w3_b4,0,True,0.363093,3.5,,,3.5,3.5,1,0.691158,4
17_one_agent_diagonal_shift,narrow_w3_b4,0,True,0.337577,3.5,,,3.5,3.5,1,0.637727,5
18_one_agent_top_lane,narrow_w3_b4,0,True,0.795683,4.0,,,4.0,4.0,1,1.99211,1
18_one_agent_top_lane,narrow_w3_b4,0,True,0.719168,4.0,,,4.0,4.0,1,1.73096,2
18_one_agent_top_lane,narrow_w3_b4,0,True,0.77677,4.0,,,4.0,4.0,1,1.88071,3
18_one_agent_top_lane,narrow_w3_b4,0,True,0.800295,4.0,,,4.0,4.0,1,1.93525,4
18_one_agent_top_lane,narrow_w3_b4,0,True,0.733397,4.0,,,4.0,4.0,1,1.77303,5
19_two_agent_diverge,narrow_w3_b4,0,True,0.884055,4.5,1.77334,4.0,4.0,4.0,2,5.49903,1
19_two_agent_diverge,narrow_w3_b4,0,True,0.562346,4.5,1.22503,4.0,4.0,4.0,2,3.23358,2
19_two_agent_diverge,narrow_w3_b4,0,True,0.618994,4.5,1.33764,4.0,4.0,4.0,2,3.53354,3
19_two_agent_diverge,narrow_w3_b4,0,True,0.560285,4.5,1.21897,4.0,4.0,4.0,2,3.19133,4
19_two_agent_diverge,narrow_w3_b4,0,True,0.613875,4.5,1.33591,4.0,4.0,4.0,2,3.50508,5
20_two_agent_center_exchange,narrow_w3_b4,0,True,1.0671,2.5,,,2.5,2.5,1,1.26709,1
20_two_agent_center_exchange,narrow_w3_b4,0,True,1.00629,2.5,,,2.5,2.5,1,1.20245,2
20_two_agent_center_exchange,narrow_w3_b4,0,True,1.11351,2.5,,,2.5,2.5,1,1.33815,3
20_two_agent_center_exchange,narrow_w3_b4,0,True,1.13025,2.5,,,2.5,2.5,1,1.35175,4
20_two_agent_center_exchange,narrow_w3_b4,0,True,1.18199,2.5,,,2.5,2.5,1,1.41054,5
21_two_agent_long_relocation,narrow_w3_b4,0,True,0.519204,3.0,,,3.0,3.0,1,1.46523,1
21_two_agent_long_relocation,narrow_w3_b4,0,True,0.457018,3.0,,,3.0,3.0,1,1.27415,2
21_two_agent_long_relocation,narrow_w3_b4,0,True,0.447189,3.0,,,3.0,3.0,1,1.25369,3
21_two_agent_long_relocation,narrow_w3_b4,0,True,0.489053,3.0,,,3.0,3.0,1,1.37076,4
21_two_agent_long_relocation,narrow_w3_b4,0,True,0.482479,3.0,,,3.0,3.0,1,1.33989,5
22_two_agent_vertical_top,narrow_w3_b4,0,True,2.0599,6.0,5.97664,5.0,4.5,4.5,3,6.84465,1
22_two_agent_vertical_top,narrow_w3_b4,0,True,2.07699,6.0,5.8498,5.0,4.5,4.5,3,6.66005,2
22_two_agent_vertical_top,narrow_w3_b4,0,True,2.00747,6.0,5.76901,5.0,4.5,4.5,3,6.60305,3
22_two_agent_vertical_top,narrow_w3_b4,0,True,1.94561,6.0,5.73846,5.0,4.5,4.5,3,6.52654,4
22_two_agent_vertical_top,narrow_w3_b4,0,True,1.84558,6.0,5.51394,5.0,4.5,4.5,3,6.2811,5
23_two_agent_top_to_center,narrow_w3_b4,0,True,8.83261,8.5,32.1794,8.0,8.0,7.5,3,83.6628,1
23_two_agent_top_to_center,narrow_w3_b4,0,True,8.47184,8.5,32.1863,8.0,8.0,7.5,3,84.6508,2
23_two_agent_top_to_center,narrow_w3_b4,0,True,9.09618,8.5,33.0889,8.0,8.0,7.5,3,85.8552,3
23_two_agent_top_to_center,narrow_w3_b4,0,True,9.44943,8.5,35.4932,8.0,8.0,7.5,3,82.4767,4
23_two_agent_top_to_center,narrow_w3_b4,0,True,10.1251,8.5,32.2359,8.0,8.0,7.5,3,83.5286,5
24_two_agent_top_swap,narrow_w3_b4,0,True,0.814332,4.0,,,4.0,4.0,1,2.28464,1
24_two_agent_top_swap,narrow_w3_b4,0,True,0.81507,4.0,,,4.0,4.0,1,2.29853,2
24_two_agent_top_swap,narrow_w3_b4,0,True,0.766958,4.0,,,4.0,4.0,1,2.14216,3
24_two_agent_top_swap,narrow_w3_b4,0,True,0.743848,4.0,,,4.0,4.0,1,2.15693,4
24_two_agent_top_swap,narrow_w3_b4,0,True,0.780528,4.0,,,4.0,4.0,1,2.19726,5
25_two_agent_cross_lane,narrow_w3_b4,0,True,0.319891,3.0,,,3.0,3.0,1,0.671192,1
25_two_agent_cross_lane,narrow_w3_b4,0,True,0.376115,3.0,,,3.0,3.0,1,0.753469,2
25_two_agent_cross_lane,narrow_w3_b4,0,True,0.351512,3.0,,,3.0,3.0,1,0.805454,3
25_two_agent_cross_lane,narrow_w3_b4,0,True,0.372843,3.0,,,3.0,3.0,1,0.808118,4
25_two_agent_cross_lane,narrow_w3_b4,0,True,0.679864,3.0,,,3.0,3.0,1,1.4045,5
26_three_agent_corner_relay,narrow_w3_b4,0,True,10.117,9.5,19.3526,8.5,8.5,8.5,2,21.6976,1
26_three_agent_corner_relay,narrow_w3_b4,0,True,9.49062,9.5,18.5057,8.5,8.5,8.5,2,20.7777,2
26_three_agent_corner_relay,narrow_w3_b4,0,True,10.1647,9.5,19.3234,8.5,8.5,8.5,2,21.6528,3
26_three_agent_corner_relay,narrow_w3_b4,0,True,10.3443,9.5,19.5026,8.5,8.5,8.5,2,21.9546,4
26_three_agent_corner_relay,narrow_w3_b4,0,True,11.012,9.5,20.675,8.5,8.5,8.5,2,23.1643,5
27_three_agent_compact_cycle,narrow_w3_b4,0,True,1.12473,6.0,1.96438,5.5,5.5,5.5,2,17.2979,1
27_three_agent_compact_cycle,narrow_w3_b4,0,True,1.83955,6.0,2.95609,5.5,5.5,5.5,2,16.6006,2
27_three_agent_compact_cycle,narrow_w3_b4,0,True,1.04453,6.0,1.80449,5.5,5.5,5.5,2,15.7206,3
27_three_agent_compact_cycle,narrow_w3_b4,0,True,1.27233,6.0,2.24525,5.5,5.5,5.5,2,18.597,4
27_three_agent_compact_cycle,narrow_w3_b4,0,True,1.09764,6.0,1.92313,5.5,5.5,5.5,2,16.9928,5
28_three_agent_center_swap,narrow_w3_b4,0,True,25.7556,8.0,,,8.0,8.0,1,107.166,1
28_three_agent_center_swap,narrow_w3_b4,0,True,22.3927,8.0,,,8.0,8.0,1,108.065,2
28_three_agent_center_swap,narrow_w3_b4,0,True,25.6491,8.0,,,8.0,8.0,1,107.832,3
28_three_agent_center_swap,narrow_w3_b4,0,True,25.8433,8.0,,,8.0,8.0,1,109.745,4
28_three_agent_center_swap,narrow_w3_b4,0,True,23.2916,8.0,,,8.0,8.0,1,108.591,5
29_three_agent_lane_mix,narrow_w3_b4,0,True,1.28803,5.0,3.40781,4.5,4.5,4.5,2,3.58459,1
29_three_agent_lane_mix,narrow_w3_b4,0,True,1.20848,5.0,3.20468,4.5,4.5,4.5,2,3.36945,2
29_three_agent_lane_mix,narrow_w3_b4,0,True,1.38978,5.0,3.68469,4.5,4.5,4.5,2,3.87406,3
29_three_agent_lane_mix,narrow_w3_b4,0,True,1.26159,5.0,3.32895,4.5,4.5,4.5,2,3.49954,4
29_three_agent_lane_mix,narrow_w3_b4,0,True,1.31026,5.0,3.54679,4.5,4.5,4.5,2,3.74486,5
30_three_agent_corner_cycle,narrow_w3_b4,0,True,1.33086,5.5,,,5.5,5.5,1,10.6533,1
30_three_agent_corner_cycle,narrow_w3_b4,0,True,1.42139,5.5,,,5.5,5.5,1,9.39658,2
30_three_agent_corner_cycle,narrow_w3_b4,0,True,1.28152,5.5,,,5.5,5.5,1,9.85726,3
30_three_agent_corner_cycle,narrow_w3_b4,0,True,1.18914,5.5,,,5.5,5.5,1,9.51427,4
30_three_agent_corner_cycle,narrow_w3_b4,0,True,1.2198,5.5,,,5.5,5.5,1,9.66611,5
01_one_agent_cross_workspace,narrow_w5_b4,0,True,78.8241,13.0,,,,13.0,1,104.123,1
01_one_agent_cross_workspace,narrow_w5_b4,0,True,80.0864,13.0,,,,13.0,1,103.655,2
01_one_agent_cross_workspace,narrow_w5_b4,0,True,69.8254,13.0,,,,13.0,1,104.303,3
01_one_agent_cross_workspace,narrow_w5_b4,0,True,80.1751,13.0,,,,13.0,1,104.074,4
01_one_agent_cross_workspace,narrow_w5_b4,0,True,69.9072,13.0,,,,13.0,1,104.127,5
02_one_agent_short_turn,narrow_w5_b4,0,True,0.24114,4.0,,,4.0,4.0,1,3.26755,1
02_one_agent_short_turn,narrow_w5_b4,0,True,0.2657,4.0,,,4.0,4.0,1,2.1849,2
02_one_agent_short_turn,narrow_w5_b4,0,True,0.237471,4.0,,,4.0,4.0,1,2.25888,3
02_one_agent_short_turn,narrow_w5_b4,0,True,0.257594,4.0,,,4.0,4.0,1,2.38476,4
02_one_agent_short_turn,narrow_w5_b4,0,True,0.256849,4.0,,,4.0,4.0,1,2.51224,5
03_one_agent_top_reorient,narrow_w5_b4,0,True,0.62752,3.5,1.54248,3.0,3.0,3.0,2,1.58637,1
03_one_agent_top_reorient,narrow_w5_b4,0,True,0.643039,3.5,1.61499,3.0,3.0,3.0,2,1.65432,2
03_one_agent_top_reorient,narrow_w5_b4,0,True,0.632061,3.5,1.64262,3.0,3.0,3.0,2,1.68431,3
03_one_agent_top_reorient,narrow_w5_b4,0,True,0.560054,3.5,1.40727,3.0,3.0,3.0,2,1.44156,4
03_one_agent_top_reorient,narrow_w5_b4,0,True,0.570846,3.5,1.43404,3.0,3.0,3.0,2,1.46822,5
04_two_agent_relocation,narrow_w5_b4,0,True,0.566211,4.5,1.24732,4.0,4.0,4.0,2,3.26705,1
04_two_agent_relocation,narrow_w5_b4,0,True,0.621916,4.5,1.3393,4.0,4.0,4.0,2,3.4479,2
04_two_agent_relocation,narrow_w5_b4,0,True,0.582496,4.5,1.2736,4.0,4.0,4.0,2,3.37169,3
04_two_agent_relocation,narrow_w5_b4,0,True,0.625915,4.5,1.38232,4.0,4.0,4.0,2,3.64164,4
04_two_agent_relocation,narrow_w5_b4,0,True,0.649371,4.5,1.41257,4.0,4.0,4.0,2,3.72062,5
05_two_agent_crossing,narrow_w5_b4,0,True,9.48879,9.5,72.679,7.0,9.5,7.0,2,91.0268,1
05_two_agent_crossing,narrow_w5_b4,0,True,7.57795,9.5,60.8848,7.0,9.5,7.0,2,77.6451,2
05_two_agent_crossing,narrow_w5_b4,0,True,7.31087,9.5,60.6782,7.0,9.5,7.0,2,77.6048,3
05_two_agent_crossing,narrow_w5_b4,0,True,7.4121,9.5,59.9892,7.0,9.5,7.0,2,76.6967,4
05_two_agent_crossing,narrow_w5_b4,0,True,7.49488,9.5,60.4222,7.0,9.5,7.0,2,77.6854,5
06_two_agent_diagonal,narrow_w5_b4,0,True,3.53789,6.0,,,6.0,6.0,1,21.3197,1
06_two_agent_diagonal,narrow_w5_b4,0,True,3.68879,6.0,,,6.0,6.0,1,21.9506,2
06_two_agent_diagonal,narrow_w5_b4,0,True,3.55945,6.0,,,6.0,6.0,1,21.9298,3
06_two_agent_diagonal,narrow_w5_b4,0,True,3.738,6.0,,,6.0,6.0,1,22.0639,4
06_two_agent_diagonal,narrow_w5_b4,0,True,3.84747,6.0,,,6.0,6.0,1,23.3693,5
07_three_agent_relay,narrow_w5_b4,0,True,2.52179,6.5,,,6.5,6.5,1,29.9392,1
07_three_agent_relay,narrow_w5_b4,0,True,2.55196,6.5,,,6.5,6.5,1,30.9633,2
07_three_agent_relay,narrow_w5_b4,0,True,2.79288,6.5,,,6.5,6.5,1,34.7627,3
07_three_agent_relay,narrow_w5_b4,0,True,2.61187,6.5,,,6.5,6.5,1,31.6251,4
07_three_agent_relay,narrow_w5_b4,0,True,2.75985,6.5,,,6.5,6.5,1,31.1514,5
08_three_agent_dense,narrow_w5_b4,0,True,10.8654,9.0,18.5519,7.5,7.0,7.0,3,60.9509,1
08_three_agent_dense,narrow_w5_b4,0,True,11.3048,9.0,19.8201,7.5,7.0,7.0,3,66.4239,2
08_three_agent_dense,narrow_w5_b4,0,True,11.225,9.0,19.7012,7.5,7.0,7.0,3,65.9332,3
08_three_agent_dense,narrow_w5_b4,0,True,11.3958,9.0,19.814,7.5,7.0,7.0,3,66.7149,4
08_three_agent_dense,narrow_w5_b4,0,True,10.9482,9.0,19.3542,7.5,7.0,7.0,3,65.4438,5
09_three_agent_diagonal,narrow_w5_b4,0,True,57.3006,6.5,,,,6.5,1,95.502,1
09_three_agent_diagonal,narrow_w5_b4,0,True,49.8853,6.5,,,6.5,6.5,1,84.5702,2
09_three_agent_diagonal,narrow_w5_b4,0,True,50.6239,6.5,,,,6.5,1,84.89,3
09_three_agent_diagonal,narrow_w5_b4,0,True,50.5814,6.5,,,,6.5,1,87.857,4
09_three_agent_diagonal,narrow_w5_b4,0,True,51.2918,6.5,,,,6.5,1,85.8604,5
10_three_agent_swap_and_exit,narrow_w5_b4,0,True,9.63237,8.5,38.822,6.5,6.5,6.0,3,73.8196,1
10_three_agent_swap_and_exit,narrow_w5_b4,0,True,9.14936,8.5,36.6119,6.5,6.5,6.0,3,71.306,2
10_three_agent_swap_and_exit,narrow_w5_b4,0,True,9.38967,8.5,38.3705,6.5,6.5,6.0,3,73.326,3
10_three_agent_swap_and_exit,narrow_w5_b4,0,True,9.35767,8.5,38.573,6.5,6.5,6.0,3,73.0176,4
10_three_agent_swap_and_exit,narrow_w5_b4,0,True,8.54771,8.5,34.4126,6.5,6.5,6.0,3,65.841,5
11_three_agent_fast_cycle,narrow_w5_b4,0,True,3.07959,7.0,16.8647,6.5,6.5,6.5,2,49.1548,1
11_three_agent_fast_cycle,narrow_w5_b4,0,True,3.07436,7.0,16.7024,6.5,6.5,6.5,2,48.6161,2
11_three_agent_fast_cycle,narrow_w5_b4,0,True,2.717,7.0,14.4966,6.5,6.5,6.5,2,43.2324,3
11_three_agent_fast_cycle,narrow_w5_b4,0,True,2.75837,7.0,15.1152,6.5,6.5,6.5,2,45.1683,4
11_three_agent_fast_cycle,narrow_w5_b4,0,True,2.75377,7.0,14.6638,6.5,6.5,6.5,2,43.1383,5
12_one_agent_left_dock,narrow_w5_b4,0,True,0.106632,1.5,,,1.5,1.5,1,0.118971,1
12_one_agent_left_dock,narrow_w5_b4,0,True,0.111467,1.5,,,1.5,1.5,1,0.123253,2
12_one_agent_left_dock,narrow_w5_b4,0,True,0.141056,1.5,,,1.5,1.5,1,0.157647,3
12_one_agent_left_dock,narrow_w5_b4,0,True,0.204134,1.5,,,1.5,1.5,1,0.230552,4
12_one_agent_left_dock,narrow_w5_b4,0,True,0.100667,1.5,,,1.5,1.5,1,0.112429,5
13_one_agent_right_dock,narrow_w5_b4,0,True,0.176093,1.5,,,1.5,1.5,1,0.187604,1
13_one_agent_right_dock,narrow_w5_b4,0,True,0.17981,1.5,,,1.5,1.5,1,0.191287,2
13_one_agent_right_dock,narrow_w5_b4,0,True,0.179286,1.5,,,1.5,1.5,1,0.190814,3
13_one_agent_right_dock,narrow_w5_b4,0,True,0.216781,1.5,,,1.5,1.5,1,0.23139,4
13_one_agent_right_dock,narrow_w5_b4,0,True,0.18274,1.5,,,1.5,1.5,1,0.195368,5
14_one_agent_bottom_reverse,narrow_w5_b4,0,True,1.30765,3.5,,,3.5,3.5,1,1.77763,1
14_one_agent_bottom_reverse,narrow_w5_b4,0,True,1.33037,3.5,,,3.5,3.5,1,1.79919,2
14_one_agent_bottom_reverse,narrow_w5_b4,0,True,1.36138,3.5,,,3.5,3.5,1,1.84053,3
14_one_agent_bottom_reverse,narrow_w5_b4,0,True,1.40694,3.5,,,3.5,3.5,1,1.90681,4
14_one_agent_bottom_reverse,narrow_w5_b4,0,True,1.40739,3.5,,,3.5,3.5,1,1.90676,5
15_one_agent_top_transfer,narrow_w5_b4,0,True,0.512763,2.0,,,2.0,2.0,1,0.538411,1
15_one_agent_top_transfer,narrow_w5_b4,0,True,0.487321,2.0,,,2.0,2.0,1,0.511273,2
15_one_agent_top_transfer,narrow_w5_b4,0,True,0.486288,2.0,,,2.0,2.0,1,0.512361,3
15_one_agent_top_transfer,narrow_w5_b4,0,True,0.488147,2.0,,,2.0,2.0,1,0.513341,4
15_one_agent_top_transfer,narrow_w5_b4,0,True,0.491081,2.0,,,2.0,2.0,1,0.515779,5
16_one_agent_diagonal_goal,narrow_w5_b4,1,False,,,,,,,0,11.4449,1
16_one_agent_diagonal_goal,narrow_w5_b4,1,False,,,,,,,0,11.2444,2
16_one_agent_diagonal_goal,narrow_w5_b4,1,False,,,,,,,0,11.5825,3
16_one_agent_diagonal_goal,narrow_w5_b4,1,False,,,,,,,0,11.4857,4
16_one_agent_diagonal_goal,narrow_w5_b4,1,False,,,,,,,0,11.8842,5
17_one_agent_diagonal_shift,narrow_w5_b4,0,True,0.345112,3.5,,,3.5,3.5,1,0.660094,1
17_one_agent_diagonal_shift,narrow_w5_b4,0,True,0.339433,3.5,,,3.5,3.5,1,0.646521,2
17_one_agent_diagonal_shift,narrow_w5_b4,0,True,0.365177,3.5,,,3.5,3.5,1,0.69638,3
17_one_agent_diagonal_shift,narrow_w5_b4,0,True,0.372111,3.5,,,3.5,3.5,1,0.715311,4
17_one_agent_diagonal_shift,narrow_w5_b4,0,True,0.482356,3.5,,,3.5,3.5,1,0.902144,5
18_one_agent_top_lane,narrow_w5_b4,0,True,0.749685,4.0,,,4.0,4.0,1,1.83896,1
18_one_agent_top_lane,narrow_w5_b4,0,True,0.827981,4.0,,,4.0,4.0,1,1.98246,2
18_one_agent_top_lane,narrow_w5_b4,0,True,0.861004,4.0,,,4.0,4.0,1,2.03312,3
18_one_agent_top_lane,narrow_w5_b4,0,True,0.878159,4.0,,,4.0,4.0,1,2.06922,4
18_one_agent_top_lane,narrow_w5_b4,0,True,0.844108,4.0,,,4.0,4.0,1,2.05603,5
19_two_agent_diverge,narrow_w5_b4,0,True,0.596177,4.5,2.2039,4.0,4.0,4.0,2,5.73731,1
19_two_agent_diverge,narrow_w5_b4,0,True,0.620113,4.5,1.37084,4.0,4.0,4.0,2,3.59781,2
19_two_agent_diverge,narrow_w5_b4,0,True,0.638358,4.5,1.40101,4.0,4.0,4.0,2,3.65357,3
19_two_agent_diverge,narrow_w5_b4,0,True,0.60057,4.5,1.31752,4.0,4.0,4.0,2,3.55185,4
19_two_agent_diverge,narrow_w5_b4,0,True,0.591247,4.5,1.32014,4.0,4.0,4.0,2,3.48071,5
20_two_agent_center_exchange,narrow_w5_b4,0,True,1.14986,2.5,,,2.5,2.5,1,1.38535,1
20_two_agent_center_exchange,narrow_w5_b4,0,True,1.1326,2.5,,,2.5,2.5,1,1.34731,2
20_two_agent_center_exchange,narrow_w5_b4,0,True,1.07648,2.5,,,2.5,2.5,1,1.2993,3
20_two_agent_center_exchange,narrow_w5_b4,0,True,1.11936,2.5,,,2.5,2.5,1,1.35035,4
20_two_agent_center_exchange,narrow_w5_b4,0,True,1.15216,2.5,,,2.5,2.5,1,1.38998,5
21_two_agent_long_relocation,narrow_w5_b4,0,True,0.515571,3.0,,,3.0,3.0,1,1.46026,1
21_two_agent_long_relocation,narrow_w5_b4,0,True,0.460821,3.0,,,3.0,3.0,1,1.27554,2
21_two_agent_long_relocation,narrow_w5_b4,0,True,0.463973,3.0,,,3.0,3.0,1,1.32856,3
21_two_agent_long_relocation,narrow_w5_b4,0,True,0.462885,3.0,,,3.0,3.0,1,1.26996,4
21_two_agent_long_relocation,narrow_w5_b4,0,True,0.499008,3.0,,,3.0,3.0,1,1.40607,5
22_two_agent_vertical_top,narrow_w5_b4,0,True,1.26487,6.0,6.02538,5.0,4.5,4.5,3,6.86893,1
22_two_agent_vertical_top,narrow_w5_b4,0,True,1.11669,6.0,5.48123,5.0,4.5,4.5,3,6.28418,2
22_two_agent_vertical_top,narrow_w5_b4,0,True,1.10258,6.0,5.22204,5.0,4.5,4.5,3,5.99706,3
22_two_agent_vertical_top,narrow_w5_b4,0,True,1.9772,6.0,6.25191,5.0,4.5,4.5,3,7.0291,4
22_two_agent_vertical_top,narrow_w5_b4,0,True,1.1215,6.0,5.26797,5.0,4.5,4.5,3,5.98984,5
23_two_agent_top_to_center,narrow_w5_b4,0,True,6.25397,9.0,22.409,8.0,8.0,7.5,3,82.9737,1
23_two_agent_top_to_center,narrow_w5_b4,0,True,5.23259,9.0,20.168,8.0,7.5,7.5,3,74.6841,2
23_two_agent_top_to_center,narrow_w5_b4,0,True,5.65766,9.0,22.255,8.0,8.0,7.5,3,83.4599,3
23_two_agent_top_to_center,narrow_w5_b4,0,True,5.22083,9.0,20.441,8.0,7.5,7.5,3,75.7297,4
23_two_agent_top_to_center,narrow_w5_b4,0,True,5.48778,9.0,22.6933,8.0,8.0,7.5,3,83.6186,5
24_two_agent_top_swap,narrow_w5_b4,0,True,0.821636,4.0,,,4.0,4.0,1,2.32429,1
24_two_agent_top_swap,narrow_w5_b4,0,True,0.807244,4.0,,,4.0,4.0,1,2.29626,2
24_two_agent_top_swap,narrow_w5_b4,0,True,0.754298,4.0,,,4.0,4.0,1,2.13532,3
24_two_agent_top_swap,narrow_w5_b4,0,True,0.792048,4.0,,,4.0,4.0,1,2.22072,4
24_two_agent_top_swap,narrow_w5_b4,0,True,0.818826,4.0,,,4.0,4.0,1,2.29529,5
25_two_agent_cross_lane,narrow_w5_b4,0,True,0.345184,3.0,,,3.0,3.0,1,0.706339,1
25_two_agent_cross_lane,narrow_w5_b4,0,True,0.339934,3.0,,,3.0,3.0,1,0.712887,2
25_two_agent_cross_lane,narrow_w5_b4,0,True,0.358213,3.0,,,3.0,3.0,1,0.748496,3
25_two_agent_cross_lane,narrow_w5_b4,0,True,0.343784,3.0,,,3.0,3.0,1,0.718254,4
25_two_agent_cross_lane,narrow_w5_b4,0,True,0.321386,3.0,,,3.0,3.0,1,0.673868,5
26_three_agent_corner_relay,narrow_w5_b4,0,True,8.77328,9.5,19.3173,8.5,8.5,8.5,2,22.1716,1
26_three_agent_corner_relay,narrow_w5_b4,0,True,7.99206,9.5,17.6011,8.5,8.5,8.5,2,20.038,2
26_three_agent_corner_relay,narrow_w5_b4,0,True,8.3926,9.5,18.1309,8.5,8.5,8.5,2,20.7098,3
26_three_agent_corner_relay,narrow_w5_b4,0,True,8.42874,9.5,18.6786,8.5,8.5,8.5,2,21.3876,4
26_three_agent_corner_relay,narrow_w5_b4,0,True,7.95863,9.5,17.4072,8.5,8.5,8.5,2,19.8178,5
27_three_agent_compact_cycle,narrow_w5_b4,0,True,1.11611,6.0,1.92297,5.5,5.5,5.5,2,18.2795,1
27_three_agent_compact_cycle,narrow_w5_b4,0,True,1.01003,6.0,1.75452,5.5,5.5,5.5,2,15.2618,2
27_three_agent_compact_cycle,narrow_w5_b4,0,True,1.05655,6.0,1.83539,5.5,5.5,5.5,2,15.537,3
27_three_agent_compact_cycle,narrow_w5_b4,0,True,1.06293,6.0,1.83542,5.5,5.5,5.5,2,15.467,4
27_three_agent_compact_cycle,narrow_w5_b4,0,True,1.05578,6.0,1.99689,5.5,5.5,5.5,2,15.8888,5
28_three_agent_center_swap,narrow_w5_b4,0,True,6.06159,8.0,,,8.0,8.0,1,105.35,1
28_three_agent_center_swap,narrow_w5_b4,0,True,6.83323,8.0,,,8.0,8.0,1,104.657,2
28_three_agent_center_swap,narrow_w5_b4,0,True,5.9482,8.0,,,8.0,8.0,1,104.93,3
28_three_agent_center_swap,narrow_w5_b4,0,True,6.11144,8.0,,,8.0,8.0,1,105.534,4
28_three_agent_center_swap,narrow_w5_b4,0,True,6.04546,8.0,,,8.0,8.0,1,104.736,5
29_three_agent_lane_mix,narrow_w5_b4,0,True,1.36206,5.0,3.67501,4.5,4.5,4.5,2,3.86789,1
29_three_agent_lane_mix,narrow_w5_b4,0,True,1.27841,5.0,3.3551,4.5,4.5,4.5,2,3.53205,2
29_three_agent_lane_mix,narrow_w5_b4,0,True,1.27399,5.0,3.45081,4.5,4.5,4.5,2,3.63499,3
29_three_agent_lane_mix,narrow_w5_b4,0,True,1.47266,5.0,3.89251,4.5,4.5,4.5,2,4.0876,4
29_three_agent_lane_mix,narrow_w5_b4,0,True,1.3308,5.0,3.40633,4.5,4.5,4.5,2,3.5775,5
30_three_agent_corner_cycle,narrow_w5_b4,0,True,1.24151,5.5,,,5.5,5.5,1,9.68863,1
30_three_agent_corner_cycle,narrow_w5_b4,0,True,1.13607,5.5,,,5.5,5.5,1,9.3311,2
30_three_agent_corner_cycle,narrow_w5_b4,0,True,1.3315,5.5,,,5.5,5.5,1,10.1818,3
30_three_agent_corner_cycle,narrow_w5_b4,0,True,1.41064,5.5,,,5.5,5.5,1,11.1467,4
30_three_agent_corner_cycle,narrow_w5_b4,0,True,1.21312,5.5,,,5.5,5.5,1,9.58652,5
01_one_agent_cross_workspace,staged_w2_4to8,0,True,41.6185,6.5,,,6.5,6.5,1,102.761,1
01_one_agent_cross_workspace,staged_w2_4to8,0,True,37.5878,6.5,,,6.5,6.5,1,103.083,2
01_one_agent_cross_workspace,staged_w2_4to8,0,True,38.8033,6.5,,,6.5,6.5,1,102.959,3
01_one_agent_cross_workspace,staged_w2_4to8,0,True,38.6274,6.5,,,6.5,6.5,1,103.07,4
01_one_agent_cross_workspace,staged_w2_4to8,0,True,41.8885,6.5,,,6.5,6.5,1,108.408,5
02_one_agent_short_turn,staged_w2_4to8,0,True,0.256718,4.0,,,4.0,4.0,1,49.9447,1
02_one_agent_short_turn,staged_w2_4to8,0,True,0.221608,4.0,,,4.0,4.0,1,45.4852,2
02_one_agent_short_turn,staged_w2_4to8,0,True,0.223758,4.0,,,4.0,4.0,1,45.7763,3
02_one_agent_short_turn,staged_w2_4to8,0,True,0.214594,4.0,,,4.0,4.0,1,48.5758,4
02_one_agent_short_turn,staged_w2_4to8,0,True,0.229985,4.0,,,4.0,4.0,1,49.1474,5
03_one_agent_top_reorient,staged_w2_4to8,0,True,0.726004,3.5,19.7421,3.0,3.0,3.0,2,22.2224,1
03_one_agent_top_reorient,staged_w2_4to8,0,True,0.704631,3.5,18.576,3.0,3.0,3.0,2,22.2886,2
03_one_agent_top_reorient,staged_w2_4to8,0,True,0.73398,3.5,19.6444,3.0,3.0,3.0,2,22.0388,3
03_one_agent_top_reorient,staged_w2_4to8,0,True,0.749732,3.5,20.1641,3.0,3.0,3.0,2,22.5893,4
03_one_agent_top_reorient,staged_w2_4to8,0,True,0.755856,3.5,19.8453,3.0,3.0,3.0,2,22.4338,5
04_two_agent_relocation,staged_w2_4to8,0,True,0.673187,4.5,6.1386,4.0,3.5,3.5,3,24.522,1
04_two_agent_relocation,staged_w2_4to8,0,True,0.865038,4.5,6.73799,4.0,3.5,3.5,3,24.729,2
04_two_agent_relocation,staged_w2_4to8,0,True,0.729366,4.5,6.36291,4.0,3.5,3.5,3,25.7945,3
04_two_agent_relocation,staged_w2_4to8,0,True,0.752861,4.5,6.65497,4.0,3.5,3.5,3,24.9835,4
04_two_agent_relocation,staged_w2_4to8,0,True,0.758154,4.5,6.61725,4.0,3.5,3.5,3,25.0806,5
05_two_agent_crossing,staged_w2_4to8,0,True,72.2816,7.0,,,,7.0,1,101.275,1
05_two_agent_crossing,staged_w2_4to8,0,True,76.0443,7.0,,,,7.0,1,100.94,2
05_two_agent_crossing,staged_w2_4to8,0,True,75.1636,7.0,,,,7.0,1,101.039,3
05_two_agent_crossing,staged_w2_4to8,0,True,72.7675,7.0,,,,7.0,1,101.133,4
05_two_agent_crossing,staged_w2_4to8,0,True,75.7645,7.0,,,,7.0,1,100.961,5
06_two_agent_diagonal,staged_w2_4to8,0,True,6.96641,6.0,27.6344,5.0,5.0,5.0,2,104.279,1
06_two_agent_diagonal,staged_w2_4to8,0,True,7.20768,6.0,28.2623,5.0,5.0,5.0,2,104.316,2
06_two_agent_diagonal,staged_w2_4to8,0,True,7.22891,6.0,27.946,5.0,5.0,5.0,2,104.204,3
06_two_agent_diagonal,staged_w2_4to8,0,True,7.28052,6.0,28.4699,5.0,5.0,5.0,2,104.726,4
06_two_agent_diagonal,staged_w2_4to8,0,True,7.33697,6.0,28.521,5.0,5.0,5.0,2,103.999,5
07_three_agent_relay,staged_w2_4to8,0,True,18.4471,6.5,87.4344,5.5,6.5,5.5,2,102.851,1
07_three_agent_relay,staged_w2_4to8,0,True,18.0778,6.5,98.6265,5.5,6.5,5.5,2,106.669,2
07_three_agent_relay,staged_w2_4to8,0,True,19.0423,6.5,87.6002,5.5,6.5,5.5,2,103.139,3
07_three_agent_relay,staged_w2_4to8,0,True,19.0487,6.5,87.5721,5.5,6.5,5.5,2,102.878,4
07_three_agent_relay,staged_w2_4to8,0,True,18.7648,6.5,87.1929,5.5,6.5,5.5,2,102.766,5
08_three_agent_dense,staged_w2_4to8,0,True,13.3571,7.5,,,7.5,7.5,1,103.306,1
08_three_agent_dense,staged_w2_4to8,0,True,13.7292,7.5,,,7.5,7.5,1,103.262,2
08_three_agent_dense,staged_w2_4to8,0,True,13.6492,7.5,,,7.5,7.5,1,103.198,3
08_three_agent_dense,staged_w2_4to8,0,True,13.4187,7.5,,,7.5,7.5,1,103.378,4
08_three_agent_dense,staged_w2_4to8,0,True,13.8644,7.5,,,7.5,7.5,1,103.63,5
09_three_agent_diagonal,staged_w2_4to8,0,True,32.8578,6.5,,,6.5,6.5,1,106.236,1
09_three_agent_diagonal,staged_w2_4to8,0,True,34.0676,6.5,,,6.5,6.5,1,105.819,2
09_three_agent_diagonal,staged_w2_4to8,0,True,33.8347,6.5,,,6.5,6.5,1,106.357,3
09_three_agent_diagonal,staged_w2_4to8,0,True,30.2969,6.5,,,6.5,6.5,1,106.869,4
09_three_agent_diagonal,staged_w2_4to8,0,True,33.3674,6.5,,,6.5,6.5,1,106.085,5
10_three_agent_swap_and_exit,staged_w2_4to8,0,True,27.7363,6.5,,,6.5,6.5,1,102.168,1
10_three_agent_swap_and_exit,staged_w2_4to8,0,True,28.2807,6.5,,,6.5,6.5,1,102.992,2
10_three_agent_swap_and_exit,staged_w2_4to8,0,True,30.701,6.5,,,6.5,6.5,1,102.311,3
10_three_agent_swap_and_exit,staged_w2_4to8,0,True,28.105,6.5,,,6.5,6.5,1,102.433,4
10_three_agent_swap_and_exit,staged_w2_4to8,0,True,28.0929,6.5,,,6.5,6.5,1,102.168,5
11_three_agent_fast_cycle,staged_w2_4to8,0,True,3.1656,6.5,5.78719,6.0,6.0,6.0,2,105.622,1
11_three_agent_fast_cycle,staged_w2_4to8,0,True,2.95097,6.5,5.53386,6.0,6.0,6.0,2,107.069,2
11_three_agent_fast_cycle,staged_w2_4to8,0,True,3.16394,6.5,5.80519,6.0,6.0,6.0,2,105.301,3
11_three_agent_fast_cycle,staged_w2_4to8,0,True,3.19858,6.5,5.95835,6.0,6.0,6.0,2,104.851,4
11_three_agent_fast_cycle,staged_w2_4to8,0,True,3.19654,6.5,5.77724,6.0,6.0,6.0,2,105.637,5
12_one_agent_left_dock,staged_w2_4to8,0,True,0.107151,1.5,,,1.5,1.5,1,0.351594,1
12_one_agent_left_dock,staged_w2_4to8,0,True,0.109222,1.5,,,1.5,1.5,1,0.351411,2
12_one_agent_left_dock,staged_w2_4to8,0,True,0.107889,1.5,,,1.5,1.5,1,0.360798,3
12_one_agent_left_dock,staged_w2_4to8,0,True,0.116735,1.5,,,1.5,1.5,1,0.351988,4
12_one_agent_left_dock,staged_w2_4to8,0,True,0.116855,1.5,,,1.5,1.5,1,0.378975,5
13_one_agent_right_dock,staged_w2_4to8,0,True,0.181391,1.5,,,1.5,1.5,1,0.638092,1
13_one_agent_right_dock,staged_w2_4to8,0,True,0.179469,1.5,,,1.5,1.5,1,0.643445,2
13_one_agent_right_dock,staged_w2_4to8,0,True,0.184971,1.5,,,1.5,1.5,1,0.662067,3
13_one_agent_right_dock,staged_w2_4to8,0,True,0.196009,1.5,,,1.5,1.5,1,0.700466,4
13_one_agent_right_dock,staged_w2_4to8,0,True,0.196608,1.5,,,1.5,1.5,1,0.735087,5
14_one_agent_bottom_reverse,staged_w2_4to8,0,True,0.918675,3.5,,,3.5,3.5,1,7.33529,1
14_one_agent_bottom_reverse,staged_w2_4to8,0,True,0.851805,3.5,,,3.5,3.5,1,6.21146,2
14_one_agent_bottom_reverse,staged_w2_4to8,0,True,0.96748,3.5,,,3.5,3.5,1,6.27999,3
14_one_agent_bottom_reverse,staged_w2_4to8,0,True,0.829216,3.5,,,3.5,3.5,1,6.03844,4
14_one_agent_bottom_reverse,staged_w2_4to8,0,True,0.837737,3.5,,,3.5,3.5,1,6.17871,5
15_one_agent_top_transfer,staged_w2_4to8,0,True,0.461527,2.0,,,2.0,2.0,1,1.4584,1
15_one_agent_top_transfer,staged_w2_4to8,0,True,0.640878,2.0,,,2.0,2.0,1,1.8054,2
15_one_agent_top_transfer,staged_w2_4to8,0,True,0.437509,2.0,,,2.0,2.0,1,1.52111,3
15_one_agent_top_transfer,staged_w2_4to8,0,True,0.431649,2.0,,,2.0,2.0,1,1.3879,4
15_one_agent_top_transfer,staged_w2_4to8,0,True,0.433364,2.0,,,2.0,2.0,1,1.39887,5
16_one_agent_diagonal_goal,staged_w2_4to8,0,True,90.4407,5.0,,,,5.0,1,105.559,1
16_one_agent_diagonal_goal,staged_w2_4to8,0,True,90.5148,5.0,,,,5.0,1,106.87,2
16_one_agent_diagonal_goal,staged_w2_4to8,1,False,,,,,,,0,105.0,3
16_one_agent_diagonal_goal,staged_w2_4to8,0,True,99.5283,5.0,,,,5.0,1,108.753,4
16_one_agent_diagonal_goal,staged_w2_4to8,0,True,89.9852,5.0,,,,5.0,1,106.082,5
17_one_agent_diagonal_shift,staged_w2_4to8,0,True,0.377117,3.5,,,3.5,3.5,1,7.12767,1
17_one_agent_diagonal_shift,staged_w2_4to8,0,True,0.37167,3.5,,,3.5,3.5,1,6.41144,2
17_one_agent_diagonal_shift,staged_w2_4to8,0,True,0.391645,3.5,,,3.5,3.5,1,7.00015,3
17_one_agent_diagonal_shift,staged_w2_4to8,0,True,0.349748,3.5,,,3.5,3.5,1,6.28763,4
17_one_agent_diagonal_shift,staged_w2_4to8,0,True,0.355112,3.5,,,3.5,3.5,1,6.37851,5
18_one_agent_top_lane,staged_w2_4to8,0,True,0.899075,4.0,,,4.0,4.0,1,36.093,1
18_one_agent_top_lane,staged_w2_4to8,0,True,0.969048,4.0,,,4.0,4.0,1,39.4417,2
18_one_agent_top_lane,staged_w2_4to8,0,True,0.896759,4.0,,,4.0,4.0,1,38.1438,3
18_one_agent_top_lane,staged_w2_4to8,0,True,0.950147,4.0,,,4.0,4.0,1,35.4552,4
18_one_agent_top_lane,staged_w2_4to8,0,True,0.903352,4.0,,,4.0,4.0,1,35.8495,5
19_two_agent_diverge,staged_w2_4to8,0,True,0.766842,4.5,6.44243,4.0,3.5,3.5,3,24.8855,1
19_two_agent_diverge,staged_w2_4to8,0,True,0.665526,4.5,5.71047,4.0,3.5,3.5,3,21.8606,2
19_two_agent_diverge,staged_w2_4to8,0,True,0.711548,4.5,6.21575,4.0,3.5,3.5,3,24.2125,3
19_two_agent_diverge,staged_w2_4to8,0,True,0.669161,4.5,5.73161,4.0,3.5,3.5,3,21.9509,4
19_two_agent_diverge,staged_w2_4to8,0,True,0.671997,4.5,5.68998,4.0,3.5,3.5,3,21.755,5
20_two_agent_center_exchange,staged_w2_4to8,0,True,1.02059,2.5,2.9864,2.0,2.0,2.0,2,3.021,1
20_two_agent_center_exchange,staged_w2_4to8,0,True,1.15349,2.5,3.37605,2.0,2.0,2.0,2,3.41643,2
20_two_agent_center_exchange,staged_w2_4to8,0,True,1.01559,2.5,2.98737,2.0,2.0,2.0,2,3.0214,3
20_two_agent_center_exchange,staged_w2_4to8,0,True,1.01842,2.5,3.03963,2.0,2.0,2.0,2,3.07333,4
20_two_agent_center_exchange,staged_w2_4to8,0,True,1.03889,2.5,3.06004,2.0,2.0,2.0,2,3.09429,5
21_two_agent_long_relocation,staged_w2_4to8,0,True,0.445489,3.0,8.67412,2.5,2.5,2.5,2,10.5035,1
21_two_agent_long_relocation,staged_w2_4to8,0,True,0.448118,3.0,8.69766,2.5,2.5,2.5,2,10.5339,2
21_two_agent_long_relocation,staged_w2_4to8,0,True,0.451341,3.0,8.69999,2.5,2.5,2.5,2,10.541,3
21_two_agent_long_relocation,staged_w2_4to8,0,True,0.488922,3.0,10.5877,2.5,2.5,2.5,2,12.5444,4
21_two_agent_long_relocation,staged_w2_4to8,0,True,0.511196,3.0,9.69445,2.5,2.5,2.5,2,11.597,5
22_two_agent_vertical_top,staged_w2_4to8,0,True,4.23191,6.0,9.1799,4.0,4.0,4.0,2,21.7565,1
22_two_agent_vertical_top,staged_w2_4to8,0,True,4.0849,6.0,8.94586,4.0,4.0,4.0,2,21.2694,2
22_two_agent_vertical_top,staged_w2_4to8,0,True,4.29046,6.0,9.25445,4.0,4.0,4.0,2,21.6231,3
22_two_agent_vertical_top,staged_w2_4to8,0,True,4.3537,6.0,9.39306,4.0,4.0,4.0,2,22.5025,4
22_two_agent_vertical_top,staged_w2_4to8,0,True,4.62423,6.0,10.0733,4.0,4.0,4.0,2,23.676,5
23_two_agent_top_to_center,staged_w2_4to8,0,True,18.5507,8.0,,,8.0,8.0,1,103.383,1
23_two_agent_top_to_center,staged_w2_4to8,0,True,16.7059,8.0,,,8.0,8.0,1,103.769,2
23_two_agent_top_to_center,staged_w2_4to8,0,True,18.2327,8.0,,,8.0,8.0,1,103.262,3
23_two_agent_top_to_center,staged_w2_4to8,0,True,18.697,8.0,,,8.0,8.0,1,104.289,4
23_two_agent_top_to_center,staged_w2_4to8,0,True,17.9779,8.0,,,8.0,8.0,1,103.606,5
24_two_agent_top_swap,staged_w2_4to8,0,True,0.737904,4.0,1.99828,3.5,3.5,3.5,2,8.66648,1
24_two_agent_top_swap,staged_w2_4to8,0,True,0.73839,4.0,1.97451,3.5,3.5,3.5,2,8.47797,2
24_two_agent_top_swap,staged_w2_4to8,0,True,0.711957,4.0,1.97109,3.5,3.5,3.5,2,9.04626,3
24_two_agent_top_swap,staged_w2_4to8,0,True,0.72247,4.0,2.15236,3.5,3.5,3.5,2,8.8737,4
24_two_agent_top_swap,staged_w2_4to8,0,True,0.810857,4.0,2.20991,3.5,3.5,3.5,2,9.39821,5
25_two_agent_cross_lane,staged_w2_4to8,0,True,0.474063,3.0,,,3.0,3.0,1,9.83419,1
25_two_agent_cross_lane,staged_w2_4to8,0,True,0.366893,3.0,,,3.0,3.0,1,7.45013,2
25_two_agent_cross_lane,staged_w2_4to8,0,True,0.352588,3.0,,,3.0,3.0,1,7.44522,3
25_two_agent_cross_lane,staged_w2_4to8,0,True,0.36239,3.0,,,3.0,3.0,1,7.54725,4
25_two_agent_cross_lane,staged_w2_4to8,0,True,0.352229,3.0,,,3.0,3.0,1,7.55168,5
26_three_agent_corner_relay,staged_w2_4to8,0,True,11.3186,8.5,,,8.5,8.5,1,102.756,1
26_three_agent_corner_relay,staged_w2_4to8,0,True,10.9826,8.5,,,8.5,8.5,1,103.183,2
26_three_agent_corner_relay,staged_w2_4to8,0,True,11.2774,8.5,,,8.5,8.5,1,102.964,3
26_three_agent_corner_relay,staged_w2_4to8,0,True,10.9284,8.5,,,8.5,8.5,1,102.536,4
26_three_agent_corner_relay,staged_w2_4to8,0,True,11.2511,8.5,,,8.5,8.5,1,102.659,5
27_three_agent_compact_cycle,staged_w2_4to8,0,True,1.69231,5.5,,,5.5,5.5,1,105.995,1
27_three_agent_compact_cycle,staged_w2_4to8,0,True,1.51262,5.5,,,5.5,5.5,1,105.552,2
27_three_agent_compact_cycle,staged_w2_4to8,0,True,1.5119,5.5,,,5.5,5.5,1,105.702,3
27_three_agent_compact_cycle,staged_w2_4to8,0,True,1.49058,5.5,,,5.5,5.5,1,105.67,4
27_three_agent_compact_cycle,staged_w2_4to8,0,True,1.69371,5.5,,,5.5,5.5,1,105.27,5
28_three_agent_center_swap,staged_w2_4to8,1,False,,,,,,,0,104.049,1
28_three_agent_center_swap,staged_w2_4to8,1,False,,,,,,,0,104.073,2
28_three_agent_center_swap,staged_w2_4to8,1,False,,,,,,,0,104.548,3
28_three_agent_center_swap,staged_w2_4to8,1,False,,,,,,,0,105.259,4
28_three_agent_center_swap,staged_w2_4to8,1,False,,,,,,,0,105.003,5
29_three_agent_lane_mix,staged_w2_4to8,0,True,1.45385,5.0,9.82309,4.5,4.5,4.5,2,23.749,1
29_three_agent_lane_mix,staged_w2_4to8,0,True,1.38491,5.0,11.58,4.5,4.5,4.5,2,25.2371,2
29_three_agent_lane_mix,staged_w2_4to8,0,True,1.54289,5.0,10.2754,4.5,4.5,4.5,2,24.7307,3
29_three_agent_lane_mix,staged_w2_4to8,0,True,1.36379,5.0,9.07199,4.5,4.5,4.5,2,21.7523,4
29_three_agent_lane_mix,staged_w2_4to8,0,True,1.62379,5.0,9.79895,4.5,4.5,4.5,2,23.1787,5
30_three_agent_corner_cycle,staged_w2_4to8,0,True,1.2117,5.5,,,5.5,5.5,1,106.134,1
30_three_agent_corner_cycle,staged_w2_4to8,0,True,1.23043,5.5,,,5.5,5.5,1,106.482,2
30_three_agent_corner_cycle,staged_w2_4to8,0,True,1.21209,5.5,,,5.5,5.5,1,105.755,3
30_three_agent_corner_cycle,staged_w2_4to8,0,True,1.21529,5.5,,,5.5,5.5,1,106.054,4
30_three_agent_corner_cycle,staged_w2_4to8,0,True,1.22373,5.5,,,5.5,5.5,1,105.76,5
01_one_agent_cross_workspace,staged_w3_4to8,0,True,93.2944,6.5,,,,6.5,1,101.593,1
01_one_agent_cross_workspace,staged_w3_4to8,0,True,93.6375,6.5,,,,6.5,1,101.759,2
01_one_agent_cross_workspace,staged_w3_4to8,0,True,92.1336,6.5,,,,6.5,1,100.015,3
01_one_agent_cross_workspace,staged_w3_4to8,0,True,92.3893,6.5,,,,6.5,1,100.265,4
01_one_agent_cross_workspace,staged_w3_4to8,0,True,92.6867,6.5,,,,6.5,1,100.622,5
02_one_agent_short_turn,staged_w3_4to8,0,True,0.224993,4.0,,,4.0,4.0,1,45.5335,1
02_one_agent_short_turn,staged_w3_4to8,0,True,0.221758,4.0,,,4.0,4.0,1,45.7546,2
02_one_agent_short_turn,staged_w3_4to8,0,True,0.226455,4.0,,,4.0,4.0,1,46.019,3
02_one_agent_short_turn,staged_w3_4to8,0,True,0.240386,4.0,,,4.0,4.0,1,45.7674,4
02_one_agent_short_turn,staged_w3_4to8,0,True,0.222252,4.0,,,4.0,4.0,1,46.4863,5
03_one_agent_top_reorient,staged_w3_4to8,0,True,0.58533,3.5,18.008,3.0,3.0,3.0,2,21.0173,1
03_one_agent_top_reorient,staged_w3_4to8,0,True,0.59453,3.5,17.9845,3.0,3.0,3.0,2,20.7884,2
03_one_agent_top_reorient,staged_w3_4to8,0,True,0.593514,3.5,17.9748,3.0,3.0,3.0,2,20.7938,3
03_one_agent_top_reorient,staged_w3_4to8,0,True,0.591328,3.5,17.8138,3.0,3.0,3.0,2,20.5263,4
03_one_agent_top_reorient,staged_w3_4to8,0,True,0.551959,3.5,17.4243,3.0,3.0,3.0,2,20.251,5
04_two_agent_relocation,staged_w3_4to8,0,True,0.592832,4.5,5.90754,4.0,3.5,3.5,3,22.871,1
04_two_agent_relocation,staged_w3_4to8,0,True,0.580901,4.5,5.85169,4.0,3.5,3.5,3,22.5784,2
04_two_agent_relocation,staged_w3_4to8,0,True,0.595626,4.5,5.8716,4.0,3.5,3.5,3,22.6063,3
04_two_agent_relocation,staged_w3_4to8,0,True,0.585202,4.5,5.77266,4.0,3.5,3.5,3,22.3354,4
04_two_agent_relocation,staged_w3_4to8,0,True,0.598336,4.5,5.91217,4.0,3.5,3.5,3,23.2195,5
05_two_agent_crossing,staged_w3_4to8,0,True,7.95437,9.5,38.7189,8.0,8.0,8.0,2,107.176,1
05_two_agent_crossing,staged_w3_4to8,0,True,7.89919,9.5,38.6724,8.0,8.0,8.0,2,106.731,2
05_two_agent_crossing,staged_w3_4to8,0,True,7.9991,9.5,38.8251,8.0,8.0,8.0,2,107.163,3
05_two_agent_crossing,staged_w3_4to8,0,True,9.3042,9.5,42.2783,8.0,8.0,8.0,2,107.535,4
05_two_agent_crossing,staged_w3_4to8,0,True,8.00876,9.5,38.5614,8.0,8.0,8.0,2,106.715,5
06_two_agent_diagonal,staged_w3_4to8,0,True,4.78624,6.0,26.3748,5.5,5.5,5.0,3,104.198,1
06_two_agent_diagonal,staged_w3_4to8,0,True,4.60762,6.0,26.1399,5.5,5.5,5.0,3,104.262,2
06_two_agent_diagonal,staged_w3_4to8,0,True,4.67669,6.0,26.4398,5.5,5.5,5.0,3,104.079,3
06_two_agent_diagonal,staged_w3_4to8,0,True,4.61297,6.0,26.1904,5.5,5.5,5.0,3,104.205,4
06_two_agent_diagonal,staged_w3_4to8,0,True,4.67945,6.0,26.1925,5.5,5.5,5.0,3,104.101,5
07_three_agent_relay,staged_w3_4to8,0,True,17.002,6.5,30.9854,5.5,5.5,5.5,2,67.5763,1
07_three_agent_relay,staged_w3_4to8,0,True,16.9439,6.5,30.913,5.5,5.5,5.5,2,67.6104,2
07_three_agent_relay,staged_w3_4to8,0,True,17.1516,6.5,31.2363,5.5,5.5,5.5,2,68.5677,3
07_three_agent_relay,staged_w3_4to8,0,True,17.0154,6.5,30.8866,5.5,5.5,5.5,2,67.0479,4
07_three_agent_relay,staged_w3_4to8,0,True,16.7214,6.5,30.6788,5.5,5.5,5.5,2,67.6025,5
08_three_agent_dense,staged_w3_4to8,0,True,12.8758,9.0,95.9522,8.0,9.0,8.0,2,104.208,1
08_three_agent_dense,staged_w3_4to8,0,True,13.1544,9.0,96.8039,8.0,9.0,8.0,2,104.129,2
08_three_agent_dense,staged_w3_4to8,0,True,13.3273,9.0,96.9431,8.0,9.0,8.0,2,104.012,3
08_three_agent_dense,staged_w3_4to8,0,True,13.5148,9.0,97.1291,8.0,9.0,8.0,2,104.048,4
08_three_agent_dense,staged_w3_4to8,0,True,13.4015,9.0,97.1744,8.0,9.0,8.0,2,104.111,5
09_three_agent_diagonal,staged_w3_4to8,0,True,37.8012,6.5,,,6.5,6.5,1,106.683,1
09_three_agent_diagonal,staged_w3_4to8,0,True,37.4024,6.5,,,6.5,6.5,1,105.793,2
09_three_agent_diagonal,staged_w3_4to8,0,True,37.8215,6.5,,,6.5,6.5,1,105.438,3
09_three_agent_diagonal,staged_w3_4to8,0,True,38.3378,6.5,,,6.5,6.5,1,105.652,4
09_three_agent_diagonal,staged_w3_4to8,0,True,37.6245,6.5,,,6.5,6.5,1,105.9,5
10_three_agent_swap_and_exit,staged_w3_4to8,0,True,21.9408,7.5,,,7.5,7.5,1,102.798,1
10_three_agent_swap_and_exit,staged_w3_4to8,0,True,22.1311,7.5,,,7.5,7.5,1,103.063,2
10_three_agent_swap_and_exit,staged_w3_4to8,0,True,22.2293,7.5,,,7.5,7.5,1,103.218,3
10_three_agent_swap_and_exit,staged_w3_4to8,0,True,23.2957,7.5,,,7.5,7.5,1,102.294,4
10_three_agent_swap_and_exit,staged_w3_4to8,0,True,21.7145,7.5,,,7.5,7.5,1,102.96,5
11_three_agent_fast_cycle,staged_w3_4to8,0,True,2.90622,7.0,5.72901,6.0,6.0,6.0,2,103.614,1
11_three_agent_fast_cycle,staged_w3_4to8,0,True,3.03174,7.0,6.1213,6.0,6.0,6.0,2,103.168,2
11_three_agent_fast_cycle,staged_w3_4to8,0,True,2.75266,7.0,5.47795,6.0,6.0,6.0,2,103.933,3
11_three_agent_fast_cycle,staged_w3_4to8,0,True,2.75668,7.0,5.49665,6.0,6.0,6.0,2,103.907,4
11_three_agent_fast_cycle,staged_w3_4to8,0,True,2.70488,7.0,5.43169,6.0,6.0,6.0,2,105.56,5
12_one_agent_left_dock,staged_w3_4to8,0,True,0.134877,1.5,,,1.5,1.5,1,0.383102,1
12_one_agent_left_dock,staged_w3_4to8,0,True,0.101262,1.5,,,1.5,1.5,1,0.341597,2
12_one_agent_left_dock,staged_w3_4to8,0,True,0.113146,1.5,,,1.5,1.5,1,0.374842,3
12_one_agent_left_dock,staged_w3_4to8,0,True,0.10486,1.5,,,1.5,1.5,1,0.350094,4
12_one_agent_left_dock,staged_w3_4to8,0,True,0.107686,1.5,,,1.5,1.5,1,0.372642,5
13_one_agent_right_dock,staged_w3_4to8,0,True,0.18105,1.5,,,1.5,1.5,1,0.64781,1
13_one_agent_right_dock,staged_w3_4to8,0,True,0.196145,1.5,,,1.5,1.5,1,0.679157,2
13_one_agent_right_dock,staged_w3_4to8,0,True,0.18643,1.5,,,1.5,1.5,1,0.674313,3
13_one_agent_right_dock,staged_w3_4to8,0,True,0.176294,1.5,,,1.5,1.5,1,0.653522,4
13_one_agent_right_dock,staged_w3_4to8,0,True,0.19266,1.5,,,1.5,1.5,1,0.666613,5
14_one_agent_bottom_reverse,staged_w3_4to8,0,True,1.00343,3.5,,,3.5,3.5,1,6.45879,1
14_one_agent_bottom_reverse,staged_w3_4to8,0,True,0.948532,3.5,,,3.5,3.5,1,6.20173,2
14_one_agent_bottom_reverse,staged_w3_4to8,0,True,1.25424,3.5,,,3.5,3.5,1,6.41613,3
14_one_agent_bottom_reverse,staged_w3_4to8,0,True,0.943916,3.5,,,3.5,3.5,1,6.35661,4
14_one_agent_bottom_reverse,staged_w3_4to8,0,True,0.93863,3.5,,,3.5,3.5,1,6.24673,5
15_one_agent_top_transfer,staged_w3_4to8,0,True,0.443655,2.0,,,2.0,2.0,1,1.43003,1
15_one_agent_top_transfer,staged_w3_4to8,0,True,0.504438,2.0,,,2.0,2.0,1,1.49753,2
15_one_agent_top_transfer,staged_w3_4to8,0,True,0.450356,2.0,,,2.0,2.0,1,1.42749,3
15_one_agent_top_transfer,staged_w3_4to8,0,True,0.459107,2.0,,,2.0,2.0,1,1.44609,4
15_one_agent_top_transfer,staged_w3_4to8,0,True,0.451406,2.0,,,2.0,2.0,1,1.50094,5
16_one_agent_diagonal_goal,staged_w3_4to8,0,True,58.1666,5.0,,,,5.0,1,105.76,1
16_one_agent_diagonal_goal,staged_w3_4to8,0,True,58.8368,5.0,,,,5.0,1,105.465,2
16_one_agent_diagonal_goal,staged_w3_4to8,0,True,59.0954,5.0,,,,5.0,1,105.443,3
16_one_agent_diagonal_goal,staged_w3_4to8,0,True,59.1276,5.0,,,,5.0,1,105.431,4
16_one_agent_diagonal_goal,staged_w3_4to8,0,True,62.829,5.0,,,,5.0,1,105.397,5
17_one_agent_diagonal_shift,staged_w3_4to8,0,True,0.346505,3.5,,,3.5,3.5,1,6.23675,1
17_one_agent_diagonal_shift,staged_w3_4to8,0,True,0.344801,3.5,,,3.5,3.5,1,6.31663,2
17_one_agent_diagonal_shift,staged_w3_4to8,0,True,0.340116,3.5,,,3.5,3.5,1,6.62651,3
17_one_agent_diagonal_shift,staged_w3_4to8,0,True,0.346145,3.5,,,3.5,3.5,1,6.32182,4
17_one_agent_diagonal_shift,staged_w3_4to8,0,True,0.362488,3.5,,,3.5,3.5,1,6.78561,5
18_one_agent_top_lane,staged_w3_4to8,0,True,0.744815,4.0,,,4.0,4.0,1,39.4133,1
18_one_agent_top_lane,staged_w3_4to8,0,True,0.743822,4.0,,,4.0,4.0,1,39.1794,2
18_one_agent_top_lane,staged_w3_4to8,0,True,0.74784,4.0,,,4.0,4.0,1,38.6019,3
18_one_agent_top_lane,staged_w3_4to8,0,True,0.786921,4.0,,,4.0,4.0,1,41.9234,4
18_one_agent_top_lane,staged_w3_4to8,0,True,0.756502,4.0,,,4.0,4.0,1,38.0694,5
19_two_agent_diverge,staged_w3_4to8,0,True,0.582137,4.5,5.80938,4.0,3.5,3.5,3,22.735,1
19_two_agent_diverge,staged_w3_4to8,0,True,0.575342,4.5,5.73873,4.0,3.5,3.5,3,22.2881,2
19_two_agent_diverge,staged_w3_4to8,0,True,0.578438,4.5,5.75458,4.0,3.5,3.5,3,22.1381,3
19_two_agent_diverge,staged_w3_4to8,0,True,0.575178,4.5,5.7471,4.0,3.5,3.5,3,22.4216,4
19_two_agent_diverge,staged_w3_4to8,0,True,0.58048,4.5,5.71635,4.0,3.5,3.5,3,22.1538,5
20_two_agent_center_exchange,staged_w3_4to8,0,True,1.0419,2.5,3.13741,2.0,2.0,2.0,2,3.17632,1
20_two_agent_center_exchange,staged_w3_4to8,0,True,1.05596,2.5,3.10682,2.0,2.0,2.0,2,3.14434,2
20_two_agent_center_exchange,staged_w3_4to8,0,True,1.04913,2.5,3.08589,2.0,2.0,2.0,2,3.12554,3
20_two_agent_center_exchange,staged_w3_4to8,0,True,1.04225,2.5,3.07611,2.0,2.0,2.0,2,3.11441,4
20_two_agent_center_exchange,staged_w3_4to8,0,True,1.08539,2.5,3.14302,2.0,2.0,2.0,2,3.1828,5
21_two_agent_long_relocation,staged_w3_4to8,0,True,0.475414,3.0,8.92568,2.5,2.5,2.5,2,10.7765,1
21_two_agent_long_relocation,staged_w3_4to8,0,True,0.457824,3.0,8.8666,2.5,2.5,2.5,2,10.7221,2
21_two_agent_long_relocation,staged_w3_4to8,0,True,0.470944,3.0,8.90903,2.5,2.5,2.5,2,10.7603,3
21_two_agent_long_relocation,staged_w3_4to8,0,True,0.457845,3.0,8.94026,2.5,2.5,2.5,2,10.8136,4
21_two_agent_long_relocation,staged_w3_4to8,0,True,0.47022,3.0,8.85115,2.5,2.5,2.5,2,10.7353,5
22_two_agent_vertical_top,staged_w3_4to8,0,True,1.90255,6.0,15.316,4.0,4.0,4.0,2,27.5162,1
22_two_agent_vertical_top,staged_w3_4to8,0,True,1.90739,6.0,15.0401,4.0,4.0,4.0,2,27.2616,2
22_two_agent_vertical_top,staged_w3_4to8,0,True,1.9632,6.0,15.3583,4.0,4.0,4.0,2,27.8204,3
22_two_agent_vertical_top,staged_w3_4to8,0,True,1.97851,6.0,15.6321,4.0,4.0,4.0,2,28.3835,4
22_two_agent_vertical_top,staged_w3_4to8,0,True,1.99101,6.0,15.749,4.0,4.0,4.0,2,28.5664,5
23_two_agent_top_to_center,staged_w3_4to8,0,True,8.81083,8.5,,,8.5,8.5,1,104.003,1
23_two_agent_top_to_center,staged_w3_4to8,0,True,8.2072,8.5,,,8.5,8.5,1,104.284,2
23_two_agent_top_to_center,staged_w3_4to8,0,True,8.23713,8.5,,,8.5,8.5,1,103.689,3
23_two_agent_top_to_center,staged_w3_4to8,0,True,8.29612,8.5,,,8.5,8.5,1,104.026,4
23_two_agent_top_to_center,staged_w3_4to8,0,True,8.3482,8.5,,,8.5,8.5,1,104.319,5
24_two_agent_top_swap,staged_w3_4to8,0,True,0.766293,4.0,2.08805,3.5,3.5,3.5,2,8.98821,1
24_two_agent_top_swap,staged_w3_4to8,0,True,0.777481,4.0,2.15413,3.5,3.5,3.5,2,9.39942,2
24_two_agent_top_swap,staged_w3_4to8,0,True,0.771857,4.0,2.08813,3.5,3.5,3.5,2,8.95406,3
24_two_agent_top_swap,staged_w3_4to8,0,True,0.829141,4.0,2.34811,3.5,3.5,3.5,2,9.23908,4
24_two_agent_top_swap,staged_w3_4to8,0,True,0.744968,4.0,2.03954,3.5,3.5,3.5,2,8.99707,5
25_two_agent_cross_lane,staged_w3_4to8,0,True,0.339931,3.0,,,3.0,3.0,1,7.17305,1
25_two_agent_cross_lane,staged_w3_4to8,0,True,0.336695,3.0,,,3.0,3.0,1,7.15295,2
25_two_agent_cross_lane,staged_w3_4to8,0,True,0.346235,3.0,,,3.0,3.0,1,7.12287,3
25_two_agent_cross_lane,staged_w3_4to8,0,True,0.337911,3.0,,,3.0,3.0,1,7.09085,4
25_two_agent_cross_lane,staged_w3_4to8,0,True,0.342434,3.0,,,3.0,3.0,1,7.14388,5
26_three_agent_corner_relay,staged_w3_4to8,0,True,9.92323,9.5,,,9.5,9.5,1,103.525,1
26_three_agent_corner_relay,staged_w3_4to8,0,True,10.164,9.5,,,9.5,9.5,1,103.315,2
26_three_agent_corner_relay,staged_w3_4to8,0,True,10.4027,9.5,,,9.5,9.5,1,103.147,3
26_three_agent_corner_relay,staged_w3_4to8,0,True,10.2073,9.5,,,9.5,9.5,1,103.417,4
26_three_agent_corner_relay,staged_w3_4to8,0,True,10.3814,9.5,,,9.5,9.5,1,103.529,5
27_three_agent_compact_cycle,staged_w3_4to8,0,True,1.17489,6.0,9.2997,5.5,5.5,5.5,2,105.777,1
27_three_agent_compact_cycle,staged_w3_4to8,0,True,1.1433,6.0,9.10015,5.5,5.5,5.5,2,105.762,2
27_three_agent_compact_cycle,staged_w3_4to8,0,True,1.10561,6.0,8.76577,5.5,5.5,5.5,2,105.993,3
27_three_agent_compact_cycle,staged_w3_4to8,0,True,1.13681,6.0,8.971,5.5,5.5,5.5,2,108.546,4
27_three_agent_compact_cycle,staged_w3_4to8,0,True,1.09886,6.0,8.69927,5.5,5.5,5.5,2,106.235,5
28_three_agent_center_swap,staged_w3_4to8,0,True,23.6254,8.0,,,8.0,8.0,1,102.503,1
28_three_agent_center_swap,staged_w3_4to8,0,True,23.8125,8.0,,,8.0,8.0,1,103.081,2
28_three_agent_center_swap,staged_w3_4to8,0,True,23.7107,8.0,,,8.0,8.0,1,102.436,3
28_three_agent_center_swap,staged_w3_4to8,0,True,24.2563,8.0,,,8.0,8.0,1,102.834,4
28_three_agent_center_swap,staged_w3_4to8,0,True,23.707,8.0,,,8.0,8.0,1,102.677,5
29_three_agent_lane_mix,staged_w3_4to8,0,True,1.33242,5.0,12.4601,4.5,4.5,4.5,2,25.9518,1
29_three_agent_lane_mix,staged_w3_4to8,0,True,1.35113,5.0,12.7408,4.5,4.5,4.5,2,27.0626,2
29_three_agent_lane_mix,staged_w3_4to8,0,True,1.30231,5.0,12.6851,4.5,4.5,4.5,2,26.402,3
29_three_agent_lane_mix,staged_w3_4to8,0,True,1.31491,5.0,12.4246,4.5,4.5,4.5,2,25.849,4
29_three_agent_lane_mix,staged_w3_4to8,0,True,1.32167,5.0,12.2945,4.5,4.5,4.5,2,25.7749,5
30_three_agent_corner_cycle,staged_w3_4to8,0,True,1.31184,5.5,,,5.5,5.5,1,105.591,1
30_three_agent_corner_cycle,staged_w3_4to8,0,True,1.23164,5.5,,,5.5,5.5,1,105.785,2
30_three_agent_corner_cycle,staged_w3_4to8,0,True,1.23873,5.5,,,5.5,5.5,1,106.348,3
30_three_agent_corner_cycle,staged_w3_4to8,0,True,1.23591,5.5,,,5.5,5.5,1,106.303,4
30_three_agent_corner_cycle,staged_w3_4to8,0,True,1.25158,5.5,,,5.5,5.5,1,105.332,5
01_one_agent_cross_workspace,staged_w5_4to8,0,True,68.8147,13.0,,,,13.0,1,101.178,1
01_one_agent_cross_workspace,staged_w5_4to8,0,True,70.3829,13.0,,,,13.0,1,101.121,2
01_one_agent_cross_workspace,staged_w5_4to8,0,True,70.9811,13.0,,,,13.0,1,101.035,3
01_one_agent_cross_workspace,staged_w5_4to8,0,True,70.4537,13.0,,,,13.0,1,101.177,4
01_one_agent_cross_workspace,staged_w5_4to8,0,True,75.6382,13.0,,,,13.0,1,100.812,5
02_one_agent_short_turn,staged_w5_4to8,0,True,0.231636,4.0,,,4.0,4.0,1,45.7357,1
02_one_agent_short_turn,staged_w5_4to8,0,True,0.225538,4.0,,,4.0,4.0,1,46.5506,2
02_one_agent_short_turn,staged_w5_4to8,0,True,0.230961,4.0,,,4.0,4.0,1,46.5393,3
02_one_agent_short_turn,staged_w5_4to8,0,True,0.23748,4.0,,,4.0,4.0,1,46.2894,4
02_one_agent_short_turn,staged_w5_4to8,0,True,0.229341,4.0,,,4.0,4.0,1,46.3164,5
03_one_agent_top_reorient,staged_w5_4to8,0,True,0.592702,3.5,18.0646,3.0,3.0,3.0,2,20.8343,1
03_one_agent_top_reorient,staged_w5_4to8,0,True,0.625327,3.5,19.0865,3.0,3.0,3.0,2,22.3088,2
03_one_agent_top_reorient,staged_w5_4to8,0,True,0.593766,3.5,19.134,3.0,3.0,3.0,2,22.3877,3
03_one_agent_top_reorient,staged_w5_4to8,0,True,0.596493,3.5,18.9437,3.0,3.0,3.0,2,21.7911,4
03_one_agent_top_reorient,staged_w5_4to8,0,True,0.904082,3.5,20.2125,3.0,3.0,3.0,2,23.2512,5
04_two_agent_relocation,staged_w5_4to8,0,True,0.581387,4.5,5.72059,4.0,3.5,3.5,3,21.9501,1
04_two_agent_relocation,staged_w5_4to8,0,True,0.593789,4.5,5.74264,4.0,3.5,3.5,3,22.3031,2
04_two_agent_relocation,staged_w5_4to8,0,True,0.586426,4.5,5.88968,4.0,3.5,3.5,3,23.0413,3
04_two_agent_relocation,staged_w5_4to8,0,True,0.596462,4.5,5.86649,4.0,3.5,3.5,3,22.4728,4
04_two_agent_relocation,staged_w5_4to8,0,True,0.597906,4.5,5.86208,4.0,3.5,3.5,3,22.5581,5
05_two_agent_crossing,staged_w5_4to8,0,True,7.68464,9.5,34.2686,8.0,8.0,6.5,3,106.371,1
05_two_agent_crossing,staged_w5_4to8,0,True,7.60132,9.5,34.0757,8.0,8.0,6.5,3,106.514,2
05_two_agent_crossing,staged_w5_4to8,0,True,7.62392,9.5,34.2543,8.0,8.0,6.5,3,106.406,3
05_two_agent_crossing,staged_w5_4to8,0,True,7.54472,9.5,33.975,8.0,8.0,6.5,3,106.405,4
05_two_agent_crossing,staged_w5_4to8,0,True,7.54,9.5,34.0599,8.0,8.0,6.5,3,106.841,5
06_two_agent_diagonal,staged_w5_4to8,0,True,3.78328,6.0,24.4277,5.5,5.5,5.0,3,104.529,1
06_two_agent_diagonal,staged_w5_4to8,0,True,3.94763,6.0,24.3793,5.5,5.5,5.5,2,102.962,2
06_two_agent_diagonal,staged_w5_4to8,0,True,3.70434,6.0,23.1629,5.5,5.5,5.0,3,104.524,3
06_two_agent_diagonal,staged_w5_4to8,0,True,3.6592,6.0,24.0842,5.5,5.5,5.0,3,104.468,4
06_two_agent_diagonal,staged_w5_4to8,0,True,3.70818,6.0,23.4243,5.5,5.5,5.0,3,104.993,5
07_three_agent_relay,staged_w5_4to8,0,True,2.59741,6.5,15.529,5.5,5.5,5.5,2,51.6773,1
07_three_agent_relay,staged_w5_4to8,0,True,2.71344,6.5,18.575,5.5,5.5,5.5,2,66.5963,2
07_three_agent_relay,staged_w5_4to8,0,True,2.80754,6.5,15.9659,5.5,5.5,5.5,2,55.1057,3
07_three_agent_relay,staged_w5_4to8,0,True,2.69609,6.5,17.7548,5.5,5.5,5.5,2,54.4057,4
07_three_agent_relay,staged_w5_4to8,0,True,2.70011,6.5,15.2567,5.5,5.5,5.5,2,51.2907,5
08_three_agent_dense,staged_w5_4to8,0,True,11.0435,9.0,87.0239,8.0,9.0,8.0,2,103.399,1
08_three_agent_dense,staged_w5_4to8,0,True,10.8138,9.0,88.1663,8.0,9.0,8.0,2,103.567,2
08_three_agent_dense,staged_w5_4to8,0,True,10.5365,9.0,86.4144,8.0,9.0,8.0,2,103.455,3
08_three_agent_dense,staged_w5_4to8,0,True,10.7323,9.0,87.5003,8.0,9.0,8.0,2,103.564,4
08_three_agent_dense,staged_w5_4to8,0,True,10.8982,9.0,88.1549,8.0,9.0,8.0,2,103.298,5
09_three_agent_diagonal,staged_w5_4to8,0,True,51.6557,6.5,,,,6.5,1,103.818,1
09_three_agent_diagonal,staged_w5_4to8,0,True,51.7791,6.5,,,,6.5,1,104.273,2
09_three_agent_diagonal,staged_w5_4to8,0,True,51.6597,6.5,,,,6.5,1,103.901,3
09_three_agent_diagonal,staged_w5_4to8,0,True,51.1411,6.5,,,,6.5,1,103.985,4
09_three_agent_diagonal,staged_w5_4to8,0,True,54.3323,6.5,,,,6.5,1,103.683,5
10_three_agent_swap_and_exit,staged_w5_4to8,0,True,8.80096,8.5,,,8.5,8.5,1,103.083,1
10_three_agent_swap_and_exit,staged_w5_4to8,0,True,9.30841,8.5,,,8.5,8.5,1,102.896,2
10_three_agent_swap_and_exit,staged_w5_4to8,0,True,8.8452,8.5,,,8.5,8.5,1,103.019,3
10_three_agent_swap_and_exit,staged_w5_4to8,0,True,8.80387,8.5,,,8.5,8.5,1,103.322,4
10_three_agent_swap_and_exit,staged_w5_4to8,0,True,8.94905,8.5,,,8.5,8.5,1,103.716,5
11_three_agent_fast_cycle,staged_w5_4to8,0,True,3.22043,7.0,6.28785,6.0,6.0,6.0,2,103.792,1
11_three_agent_fast_cycle,staged_w5_4to8,0,True,3.02509,7.0,5.99825,6.0,6.0,6.0,2,103.832,2
11_three_agent_fast_cycle,staged_w5_4to8,0,True,2.98928,7.0,5.9418,6.0,6.0,6.0,2,103.902,3
11_three_agent_fast_cycle,staged_w5_4to8,0,True,2.93135,7.0,5.85795,6.0,6.0,6.0,2,103.565,4
11_three_agent_fast_cycle,staged_w5_4to8,0,True,2.95308,7.0,5.89142,6.0,6.0,6.0,2,103.239,5
12_one_agent_left_dock,staged_w5_4to8,0,True,0.122444,1.5,,,1.5,1.5,1,0.39343,1
12_one_agent_left_dock,staged_w5_4to8,0,True,0.102033,1.5,,,1.5,1.5,1,0.351952,2
12_one_agent_left_dock,staged_w5_4to8,0,True,0.10724,1.5,,,1.5,1.5,1,0.357969,3
12_one_agent_left_dock,staged_w5_4to8,0,True,0.110609,1.5,,,1.5,1.5,1,0.368357,4
12_one_agent_left_dock,staged_w5_4to8,0,True,0.109668,1.5,,,1.5,1.5,1,0.368475,5
13_one_agent_right_dock,staged_w5_4to8,0,True,0.208867,1.5,,,1.5,1.5,1,0.720384,1
13_one_agent_right_dock,staged_w5_4to8,0,True,0.194088,1.5,,,1.5,1.5,1,0.697779,2
13_one_agent_right_dock,staged_w5_4to8,0,True,0.203468,1.5,,,1.5,1.5,1,0.701398,3
13_one_agent_right_dock,staged_w5_4to8,0,True,0.196447,1.5,,,1.5,1.5,1,0.714639,4
13_one_agent_right_dock,staged_w5_4to8,0,True,0.203991,1.5,,,1.5,1.5,1,0.71252,5
14_one_agent_bottom_reverse,staged_w5_4to8,0,True,1.42043,3.5,,,3.5,3.5,1,7.05697,1
14_one_agent_bottom_reverse,staged_w5_4to8,0,True,1.38546,3.5,,,3.5,3.5,1,6.98173,2
14_one_agent_bottom_reverse,staged_w5_4to8,0,True,1.37983,3.5,,,3.5,3.5,1,6.95577,3
14_one_agent_bottom_reverse,staged_w5_4to8,0,True,1.40816,3.5,,,3.5,3.5,1,7.08348,4
14_one_agent_bottom_reverse,staged_w5_4to8,0,True,1.38638,3.5,,,3.5,3.5,1,7.00454,5
15_one_agent_top_transfer,staged_w5_4to8,0,True,0.464658,2.0,,,2.0,2.0,1,1.52263,1
15_one_agent_top_transfer,staged_w5_4to8,0,True,0.476399,2.0,,,2.0,2.0,1,1.52957,2
15_one_agent_top_transfer,staged_w5_4to8,0,True,0.469488,2.0,,,2.0,2.0,1,1.52314,3
15_one_agent_top_transfer,staged_w5_4to8,0,True,0.463439,2.0,,,2.0,2.0,1,1.5044,4
15_one_agent_top_transfer,staged_w5_4to8,0,True,0.503686,2.0,,,2.0,2.0,1,1.60453,5
16_one_agent_diagonal_goal,staged_w5_4to8,0,True,42.4074,5.0,,,5.0,5.0,1,111.016,1
16_one_agent_diagonal_goal,staged_w5_4to8,0,True,40.4234,5.0,,,5.0,5.0,1,111.239,2
16_one_agent_diagonal_goal,staged_w5_4to8,0,True,39.7183,5.0,,,5.0,5.0,1,110.737,3
16_one_agent_diagonal_goal,staged_w5_4to8,0,True,40.5827,5.0,,,5.0,5.0,1,111.633,4
16_one_agent_diagonal_goal,staged_w5_4to8,0,True,38.5916,5.0,,,5.0,5.0,1,111.379,5
17_one_agent_diagonal_shift,staged_w5_4to8,0,True,0.36235,3.5,,,3.5,3.5,1,6.69339,1
17_one_agent_diagonal_shift,staged_w5_4to8,0,True,0.382807,3.5,,,3.5,3.5,1,6.6975,2
17_one_agent_diagonal_shift,staged_w5_4to8,0,True,0.3636,3.5,,,3.5,3.5,1,6.67915,3
17_one_agent_diagonal_shift,staged_w5_4to8,0,True,0.369781,3.5,,,3.5,3.5,1,6.81452,4
17_one_agent_diagonal_shift,staged_w5_4to8,0,True,0.361108,3.5,,,3.5,3.5,1,6.6783,5
18_one_agent_top_lane,staged_w5_4to8,0,True,0.79614,4.0,,,4.0,4.0,1,40.8329,1
18_one_agent_top_lane,staged_w5_4to8,0,True,0.781166,4.0,,,4.0,4.0,1,40.5236,2
18_one_agent_top_lane,staged_w5_4to8,0,True,0.76588,4.0,,,4.0,4.0,1,40.3756,3
18_one_agent_top_lane,staged_w5_4to8,0,True,0.785149,4.0,,,4.0,4.0,1,40.276,4
18_one_agent_top_lane,staged_w5_4to8,0,True,0.784503,4.0,,,4.0,4.0,1,40.2257,5
19_two_agent_diverge,staged_w5_4to8,0,True,0.613341,4.5,5.98105,4.0,3.5,3.5,3,23.7134,1
19_two_agent_diverge,staged_w5_4to8,0,True,0.644652,4.5,6.29732,4.0,3.5,3.5,3,24.4877,2
19_two_agent_diverge,staged_w5_4to8,0,True,0.631286,4.5,6.29466,4.0,3.5,3.5,3,24.6656,3
19_two_agent_diverge,staged_w5_4to8,0,True,0.611418,4.5,5.97363,4.0,3.5,3.5,3,23.0062,4
19_two_agent_diverge,staged_w5_4to8,0,True,0.596514,4.5,5.96008,4.0,3.5,3.5,3,23.1916,5
20_two_agent_center_exchange,staged_w5_4to8,0,True,1.06656,2.5,3.17537,2.0,2.0,2.0,2,3.22061,1
20_two_agent_center_exchange,staged_w5_4to8,0,True,1.09152,2.5,3.21833,2.0,2.0,2.0,2,3.26405,2
20_two_agent_center_exchange,staged_w5_4to8,0,True,1.07485,2.5,3.15165,2.0,2.0,2.0,2,3.19716,3
20_two_agent_center_exchange,staged_w5_4to8,0,True,1.04921,2.5,3.13894,2.0,2.0,2.0,2,3.18556,4
20_two_agent_center_exchange,staged_w5_4to8,0,True,1.03748,2.5,3.09625,2.0,2.0,2.0,2,3.14007,5
21_two_agent_long_relocation,staged_w5_4to8,0,True,0.500556,3.0,9.62881,2.5,2.5,2.5,2,11.6306,1
21_two_agent_long_relocation,staged_w5_4to8,0,True,0.47126,3.0,9.19322,2.5,2.5,2.5,2,11.313,2
21_two_agent_long_relocation,staged_w5_4to8,0,True,0.465561,3.0,8.86507,2.5,2.5,2.5,2,10.7319,3
21_two_agent_long_relocation,staged_w5_4to8,0,True,0.473475,3.0,9.40465,2.5,2.5,2.5,2,11.5013,4
21_two_agent_long_relocation,staged_w5_4to8,0,True,0.504185,3.0,9.27625,2.5,2.5,2.5,2,11.2754,5
22_two_agent_vertical_top,staged_w5_4to8,0,True,1.18982,6.0,14.8696,5.0,4.0,4.0,3,32.2069,1
22_two_agent_vertical_top,staged_w5_4to8,0,True,1.11724,6.0,12.8081,5.0,4.0,4.0,3,28.3531,2
22_two_agent_vertical_top,staged_w5_4to8,0,True,1.13756,6.0,12.9511,5.0,4.0,4.0,3,28.7018,3
22_two_agent_vertical_top,staged_w5_4to8,0,True,1.11137,6.0,13.3167,5.0,4.0,4.0,3,29.4175,4
22_two_agent_vertical_top,staged_w5_4to8,0,True,1.12483,6.0,13.048,5.0,4.0,4.0,3,28.8612,5
23_two_agent_top_to_center,staged_w5_4to8,0,True,5.51757,9.0,89.7978,7.5,9.0,7.5,2,103.942,1
23_two_agent_top_to_center,staged_w5_4to8,0,True,5.30801,9.0,88.0644,7.5,9.0,7.5,2,104.133,2
23_two_agent_top_to_center,staged_w5_4to8,0,True,5.27192,9.0,87.2988,7.5,9.0,7.5,2,104.2,3
23_two_agent_top_to_center,staged_w5_4to8,0,True,5.62359,9.0,97.7437,7.5,9.0,7.5,2,103.415,4
23_two_agent_top_to_center,staged_w5_4to8,0,True,5.16095,9.0,86.741,7.5,9.0,7.5,2,104.228,5
24_two_agent_top_swap,staged_w5_4to8,0,True,0.735766,4.0,2.01929,3.5,3.5,3.5,2,8.927,1
24_two_agent_top_swap,staged_w5_4to8,0,True,0.7116,4.0,1.95253,3.5,3.5,3.5,2,8.45744,2
24_two_agent_top_swap,staged_w5_4to8,0,True,0.751285,4.0,2.02542,3.5,3.5,3.5,2,8.76185,3
24_two_agent_top_swap,staged_w5_4to8,0,True,0.722209,4.0,1.97464,3.5,3.5,3.5,2,8.55057,4
24_two_agent_top_swap,staged_w5_4to8,0,True,0.746459,4.0,2.03233,3.5,3.5,3.5,2,9.07681,5
25_two_agent_cross_lane,staged_w5_4to8,0,True,0.329794,3.0,,,3.0,3.0,1,6.76387,1
25_two_agent_cross_lane,staged_w5_4to8,0,True,0.325942,3.0,,,3.0,3.0,1,7.0195,2
25_two_agent_cross_lane,staged_w5_4to8,0,True,0.365263,3.0,,,3.0,3.0,1,6.98039,3
25_two_agent_cross_lane,staged_w5_4to8,0,True,0.320168,3.0,,,3.0,3.0,1,6.71359,4
25_two_agent_cross_lane,staged_w5_4to8,0,True,0.327501,3.0,,,3.0,3.0,1,6.96552,5
26_three_agent_corner_relay,staged_w5_4to8,0,True,8.11407,9.5,84.5231,8.5,9.5,8.5,2,104.138,1
26_three_agent_corner_relay,staged_w5_4to8,0,True,8.02791,9.5,84.0161,8.5,9.5,8.5,2,107.356,2
26_three_agent_corner_relay,staged_w5_4to8,0,True,8.09363,9.5,83.6829,8.5,9.5,8.5,2,104.396,3
26_three_agent_corner_relay,staged_w5_4to8,0,True,8.07409,9.5,83.3481,8.5,9.5,8.5,2,103.563,4
26_three_agent_corner_relay,staged_w5_4to8,0,True,8.72957,9.5,93.1561,8.5,9.5,8.5,2,103.562,5
27_three_agent_compact_cycle,staged_w5_4to8,0,True,1.06594,6.0,8.38429,5.5,5.5,5.5,2,106.397,1
27_three_agent_compact_cycle,staged_w5_4to8,0,True,1.17501,6.0,9.83358,5.5,5.5,5.5,2,105.869,2
27_three_agent_compact_cycle,staged_w5_4to8,0,True,1.09251,6.0,8.66821,5.5,5.5,5.5,2,105.825,3
27_three_agent_compact_cycle,staged_w5_4to8,0,True,1.05808,6.0,8.40399,5.5,5.5,5.5,2,106.06,4
27_three_agent_compact_cycle,staged_w5_4to8,0,True,1.0818,6.0,8.57104,5.5,5.5,5.5,2,106.099,5
28_three_agent_center_swap,staged_w5_4to8,0,True,6.07401,8.0,,,8.0,8.0,1,102.885,1
28_three_agent_center_swap,staged_w5_4to8,0,True,6.17294,8.0,,,8.0,8.0,1,102.834,2
28_three_agent_center_swap,staged_w5_4to8,0,True,6.57093,8.0,,,8.0,8.0,1,102.73,3
28_three_agent_center_swap,staged_w5_4to8,0,True,5.94021,8.0,,,8.0,8.0,1,102.926,4
28_three_agent_center_swap,staged_w5_4to8,0,True,6.27355,8.0,,,8.0,8.0,1,102.761,5
29_three_agent_lane_mix,staged_w5_4to8,0,True,1.39458,5.0,12.1308,4.5,4.5,4.5,2,24.9457,1
29_three_agent_lane_mix,staged_w5_4to8,0,True,1.27669,5.0,12.0363,4.5,4.5,4.5,2,24.9555,2
29_three_agent_lane_mix,staged_w5_4to8,0,True,1.28677,5.0,11.9913,4.5,4.5,4.5,2,24.8581,3
29_three_agent_lane_mix,staged_w5_4to8,0,True,1.2434,5.0,12.0842,4.5,4.5,4.5,2,25.9981,4
29_three_agent_lane_mix,staged_w5_4to8,0,True,1.39074,5.0,13.066,4.5,4.5,4.5,2,27.2101,5
30_three_agent_corner_cycle,staged_w5_4to8,0,True,1.20542,5.5,,,5.5,5.5,1,105.48,1
30_three_agent_corner_cycle,staged_w5_4to8,0,True,1.23824,5.5,,,5.5,5.5,1,105.98,2
30_three_agent_corner_cycle,staged_w5_4to8,0,True,1.21904,5.5,,,5.5,5.5,1,105.66,3
30_three_agent_corner_cycle,staged_w5_4to8,0,True,1.19468,5.5,,,5.5,5.5,1,105.713,4
30_three_agent_corner_cycle,staged_w5_4to8,0,True,1.34571,5.5,,,5.5,5.5,1,105.93,5
01_one_agent_cross_workspace,staged_w3_4to12,0,True,91.8303,6.5,,,,6.5,1,100.02,1
01_one_agent_cross_workspace,staged_w3_4to12,0,True,91.9918,6.5,,,,6.5,1,100.017,2
01_one_agent_cross_workspace,staged_w3_4to12,0,True,93.6175,6.5,,,,6.5,1,101.391,3
01_one_agent_cross_workspace,staged_w3_4to12,0,True,91.8364,6.5,,,,6.5,1,100.022,4
01_one_agent_cross_workspace,staged_w3_4to12,0,True,92.4625,6.5,,,,6.5,1,100.318,5
02_one_agent_short_turn,staged_w3_4to12,0,True,0.23305,4.0,,,4.0,4.0,1,105.172,1
02_one_agent_short_turn,staged_w3_4to12,0,True,0.228377,4.0,,,4.0,4.0,1,105.085,2
02_one_agent_short_turn,staged_w3_4to12,0,True,0.229631,4.0,,,4.0,4.0,1,105.083,3
02_one_agent_short_turn,staged_w3_4to12,0,True,0.227987,4.0,,,4.0,4.0,1,104.857,4
02_one_agent_short_turn,staged_w3_4to12,0,True,0.258184,4.0,,,4.0,4.0,1,104.938,5
03_one_agent_top_reorient,staged_w3_4to12,0,True,0.611897,3.5,43.2526,3.0,3.0,3.0,2,49.474,1
03_one_agent_top_reorient,staged_w3_4to12,0,True,0.580241,3.5,42.4947,3.0,3.0,3.0,2,48.425,2
03_one_agent_top_reorient,staged_w3_4to12,0,True,0.58657,3.5,43.0493,3.0,3.0,3.0,2,48.646,3
03_one_agent_top_reorient,staged_w3_4to12,0,True,0.581469,3.5,42.2308,3.0,3.0,3.0,2,48.4203,4
03_one_agent_top_reorient,staged_w3_4to12,0,True,0.578671,3.5,42.6551,3.0,3.0,3.0,2,48.9575,5
04_two_agent_relocation,staged_w3_4to12,0,True,0.581384,4.5,4.03874,4.0,3.5,3.5,3,37.0746,1
04_two_agent_relocation,staged_w3_4to12,0,True,0.579634,4.5,4.01748,4.0,3.5,3.5,3,36.8712,2
04_two_agent_relocation,staged_w3_4to12,0,True,0.59272,4.5,3.93354,4.0,3.5,3.5,3,37.4184,3
04_two_agent_relocation,staged_w3_4to12,0,True,0.613024,4.5,4.03984,4.0,3.5,3.5,3,37.3796,4
04_two_agent_relocation,staged_w3_4to12,0,True,0.588671,4.5,3.93889,4.0,3.5,3.5,3,37.3203,5
05_two_agent_crossing,staged_w3_4to12,0,True,8.0077,9.5,73.5752,8.0,9.5,8.0,2,104.8,1
05_two_agent_crossing,staged_w3_4to12,0,True,8.00797,9.5,72.8522,8.0,9.5,8.0,2,104.947,2
05_two_agent_crossing,staged_w3_4to12,0,True,8.06904,9.5,72.7763,8.0,9.5,8.0,2,105.076,3
05_two_agent_crossing,staged_w3_4to12,0,True,8.24236,9.5,79.3098,8.0,9.5,8.0,2,102.858,4
05_two_agent_crossing,staged_w3_4to12,0,True,7.79179,9.5,71.1584,8.0,9.5,8.0,2,105.974,5
06_two_agent_diagonal,staged_w3_4to12,0,True,4.57129,6.0,42.0259,5.0,5.0,5.0,2,103.587,1
06_two_agent_diagonal,staged_w3_4to12,0,True,4.6596,6.0,42.3652,5.0,5.0,5.0,2,103.515,2
06_two_agent_diagonal,staged_w3_4to12,0,True,4.58265,6.0,42.622,5.0,5.0,5.0,2,103.544,3
06_two_agent_diagonal,staged_w3_4to12,0,True,4.63392,6.0,43.0912,5.0,5.0,5.0,2,103.438,4
06_two_agent_diagonal,staged_w3_4to12,0,True,4.59922,6.0,43.5639,5.0,5.0,5.0,2,103.629,5
07_three_agent_relay,staged_w3_4to12,0,True,16.4853,6.5,57.5551,5.5,6.5,5.5,2,102.882,1
07_three_agent_relay,staged_w3_4to12,0,True,19.4283,6.5,64.7885,5.5,6.5,5.5,2,102.267,2
07_three_agent_relay,staged_w3_4to12,0,True,16.5015,6.5,57.2167,5.5,6.5,5.5,2,102.872,3
07_three_agent_relay,staged_w3_4to12,0,True,18.3317,6.5,63.7692,5.5,6.5,5.5,2,102.768,4
07_three_agent_relay,staged_w3_4to12,0,True,16.4196,6.5,57.0742,5.5,6.5,5.5,2,102.838,5
08_three_agent_dense,staged_w3_4to12,0,True,14.1067,9.0,,,9.0,9.0,1,101.442,1
08_three_agent_dense,staged_w3_4to12,0,True,12.7985,9.0,,,9.0,9.0,1,101.811,2
08_three_agent_dense,staged_w3_4to12,0,True,15.7859,9.0,,,9.0,9.0,1,101.714,3
08_three_agent_dense,staged_w3_4to12,0,True,12.7204,9.0,,,9.0,9.0,1,101.925,4
08_three_agent_dense,staged_w3_4to12,0,True,13.0983,9.0,,,9.0,9.0,1,102.698,5
09_three_agent_diagonal,staged_w3_4to12,0,True,40.4423,6.5,,,6.5,6.5,1,104.074,1
09_three_agent_diagonal,staged_w3_4to12,0,True,37.9489,6.5,,,6.5,6.5,1,104.647,2
09_three_agent_diagonal,staged_w3_4to12,0,True,38.0539,6.5,,,6.5,6.5,1,105.22,3
09_three_agent_diagonal,staged_w3_4to12,0,True,38.2876,6.5,,,6.5,6.5,1,104.739,4
09_three_agent_diagonal,staged_w3_4to12,0,True,38.831,6.5,,,6.5,6.5,1,105.263,5
10_three_agent_swap_and_exit,staged_w3_4to12,0,True,24.7001,7.5,,,7.5,7.5,1,102.13,1
10_three_agent_swap_and_exit,staged_w3_4to12,0,True,22.6314,7.5,,,7.5,7.5,1,101.98,2
10_three_agent_swap_and_exit,staged_w3_4to12,0,True,22.9311,7.5,,,7.5,7.5,1,102.42,3
10_three_agent_swap_and_exit,staged_w3_4to12,0,True,23.5845,7.5,,,7.5,7.5,1,101.98,4
10_three_agent_swap_and_exit,staged_w3_4to12,0,True,24.1397,7.5,,,7.5,7.5,1,102.153,5
11_three_agent_fast_cycle,staged_w3_4to12,0,True,2.82357,7.0,6.63899,6.0,6.0,6.0,2,102.699,1
11_three_agent_fast_cycle,staged_w3_4to12,0,True,2.83835,7.0,6.6412,6.0,6.0,6.0,2,102.508,2
11_three_agent_fast_cycle,staged_w3_4to12,0,True,2.96535,7.0,6.87821,6.0,6.0,6.0,2,102.347,3
11_three_agent_fast_cycle,staged_w3_4to12,0,True,2.88184,7.0,6.78773,6.0,6.0,6.0,2,102.489,4
11_three_agent_fast_cycle,staged_w3_4to12,0,True,2.86179,7.0,6.7581,6.0,6.0,6.0,2,102.37,5
12_one_agent_left_dock,staged_w3_4to12,0,True,0.107001,1.5,,,1.5,1.5,1,0.41941,1
12_one_agent_left_dock,staged_w3_4to12,0,True,0.107419,1.5,,,1.5,1.5,1,0.420056,2
12_one_agent_left_dock,staged_w3_4to12,0,True,0.112686,1.5,,,1.5,1.5,1,0.442824,3
12_one_agent_left_dock,staged_w3_4to12,0,True,0.105456,1.5,,,1.5,1.5,1,0.428816,4
12_one_agent_left_dock,staged_w3_4to12,0,True,0.105394,1.5,,,1.5,1.5,1,0.419802,5
13_one_agent_right_dock,staged_w3_4to12,0,True,0.21113,1.5,,,1.5,1.5,1,1.21957,1
13_one_agent_right_dock,staged_w3_4to12,0,True,0.189036,1.5,,,1.5,1.5,1,1.13096,2
13_one_agent_right_dock,staged_w3_4to12,0,True,0.195855,1.5,,,1.5,1.5,1,1.18506,3
13_one_agent_right_dock,staged_w3_4to12,0,True,0.179863,1.5,,,1.5,1.5,1,1.1191,4
13_one_agent_right_dock,staged_w3_4to12,0,True,0.386609,1.5,,,1.5,1.5,1,2.26021,5
14_one_agent_bottom_reverse,staged_w3_4to12,0,True,0.990588,3.5,,,3.5,3.5,1,13.7495,1
14_one_agent_bottom_reverse,staged_w3_4to12,0,True,0.938379,3.5,,,3.5,3.5,1,12.3533,2
14_one_agent_bottom_reverse,staged_w3_4to12,0,True,0.937585,3.5,,,3.5,3.5,1,12.2999,3
14_one_agent_bottom_reverse,staged_w3_4to12,0,True,1.0171,3.5,,,3.5,3.5,1,13.5787,4
14_one_agent_bottom_reverse,staged_w3_4to12,0,True,1.05605,3.5,,,3.5,3.5,1,13.8647,5
15_one_agent_top_transfer,staged_w3_4to12,0,True,0.442559,2.0,,,2.0,2.0,1,2.58356,1
15_one_agent_top_transfer,staged_w3_4to12,0,True,0.445608,2.0,,,2.0,2.0,1,2.62496,2
15_one_agent_top_transfer,staged_w3_4to12,0,True,0.45191,2.0,,,2.0,2.0,1,2.58661,3
15_one_agent_top_transfer,staged_w3_4to12,0,True,0.444026,2.0,,,2.0,2.0,1,2.61966,4
15_one_agent_top_transfer,staged_w3_4to12,0,True,0.446662,2.0,,,2.0,2.0,1,2.59623,5
16_one_agent_diagonal_goal,staged_w3_4to12,1,False,,,,,,,0,109.566,1
16_one_agent_diagonal_goal,staged_w3_4to12,1,False,,,,,,,0,108.847,2
16_one_agent_diagonal_goal,staged_w3_4to12,1,False,,,,,,,0,109.081,3
16_one_agent_diagonal_goal,staged_w3_4to12,1,False,,,,,,,0,114.81,4
16_one_agent_diagonal_goal,staged_w3_4to12,1,False,,,,,,,0,109.605,5
17_one_agent_diagonal_shift,staged_w3_4to12,0,True,0.418213,3.5,,,3.5,3.5,1,13.6504,1
17_one_agent_diagonal_shift,staged_w3_4to12,0,True,0.369985,3.5,,,3.5,3.5,1,12.8041,2
17_one_agent_diagonal_shift,staged_w3_4to12,0,True,0.371309,3.5,,,3.5,3.5,1,12.7993,3
17_one_agent_diagonal_shift,staged_w3_4to12,0,True,0.370291,3.5,,,3.5,3.5,1,12.6957,4
17_one_agent_diagonal_shift,staged_w3_4to12,0,True,0.373628,3.5,,,3.5,3.5,1,12.7396,5
18_one_agent_top_lane,staged_w3_4to12,0,True,0.783166,4.0,,,4.0,4.0,1,104.607,1
18_one_agent_top_lane,staged_w3_4to12,0,True,0.852019,4.0,,,4.0,4.0,1,105.353,2
18_one_agent_top_lane,staged_w3_4to12,0,True,0.779133,4.0,,,4.0,4.0,1,104.923,3
18_one_agent_top_lane,staged_w3_4to12,0,True,0.767698,4.0,,,4.0,4.0,1,105.083,4
18_one_agent_top_lane,staged_w3_4to12,0,True,0.752664,4.0,,,4.0,4.0,1,105.867,5
19_two_agent_diverge,staged_w3_4to12,0,True,0.595249,4.5,3.94205,4.0,3.5,3.5,3,38.0373,1
19_two_agent_diverge,staged_w3_4to12,0,True,0.621203,4.5,4.05659,4.0,3.5,3.5,3,38.8773,2
19_two_agent_diverge,staged_w3_4to12,0,True,0.596936,4.5,4.01092,4.0,3.5,3.5,3,37.845,3
19_two_agent_diverge,staged_w3_4to12,0,True,0.600257,4.5,4.04993,4.0,3.5,3.5,3,39.0481,4
19_two_agent_diverge,staged_w3_4to12,0,True,0.607827,4.5,4.06072,4.0,3.5,3.5,3,39.7586,5
20_two_agent_center_exchange,staged_w3_4to12,0,True,1.0629,2.5,4.15456,2.0,2.0,2.0,2,4.23322,1
20_two_agent_center_exchange,staged_w3_4to12,0,True,1.04381,2.5,3.9827,2.0,2.0,2.0,2,4.0423,2
20_two_agent_center_exchange,staged_w3_4to12,0,True,1.06785,2.5,4.02364,2.0,2.0,2.0,2,4.08191,3
20_two_agent_center_exchange,staged_w3_4to12,0,True,1.04936,2.5,3.98241,2.0,2.0,2.0,2,4.04399,4
20_two_agent_center_exchange,staged_w3_4to12,0,True,1.10819,2.5,4.22106,2.0,2.0,2.0,2,4.28586,5
21_two_agent_long_relocation,staged_w3_4to12,0,True,0.49712,3.0,18.8025,2.5,2.5,2.5,2,26.0839,1
21_two_agent_long_relocation,staged_w3_4to12,0,True,0.553158,3.0,15.7554,2.5,2.5,2.5,2,20.274,2
21_two_agent_long_relocation,staged_w3_4to12,0,True,0.491104,3.0,14.3513,2.5,2.5,2.5,2,18.2656,3
21_two_agent_long_relocation,staged_w3_4to12,0,True,0.487772,3.0,14.0626,2.5,2.5,2.5,2,17.7866,4
21_two_agent_long_relocation,staged_w3_4to12,0,True,0.497614,3.0,13.6024,2.5,2.5,2.5,2,17.3053,5
22_two_agent_vertical_top,staged_w3_4to12,0,True,1.91425,6.0,25.27,4.0,4.0,4.0,2,49.2638,1
22_two_agent_vertical_top,staged_w3_4to12,0,True,2.09841,6.0,28.0037,4.0,4.0,4.0,2,51.2105,2
22_two_agent_vertical_top,staged_w3_4to12,0,True,1.91313,6.0,24.865,4.0,4.0,4.0,2,47.762,3
22_two_agent_vertical_top,staged_w3_4to12,0,True,1.92755,6.0,25.2264,4.0,4.0,4.0,2,48.701,4
22_two_agent_vertical_top,staged_w3_4to12,0,True,2.03039,6.0,28.0143,4.0,4.0,4.0,2,51.919,5
23_two_agent_top_to_center,staged_w3_4to12,0,True,8.43834,8.5,,,8.5,8.5,1,102.776,1
23_two_agent_top_to_center,staged_w3_4to12,0,True,8.28863,8.5,,,8.5,8.5,1,102.793,2
23_two_agent_top_to_center,staged_w3_4to12,0,True,8.78087,8.5,,,8.5,8.5,1,102.385,3
23_two_agent_top_to_center,staged_w3_4to12,0,True,8.777,8.5,,,8.5,8.5,1,102.282,4
23_two_agent_top_to_center,staged_w3_4to12,0,True,8.62338,8.5,,,8.5,8.5,1,102.767,5
24_two_agent_top_swap,staged_w3_4to12,0,True,0.827112,4.0,2.84054,3.5,3.5,3.5,2,20.6389,1
24_two_agent_top_swap,staged_w3_4to12,0,True,0.748735,4.0,2.54623,3.5,3.5,3.5,2,19.5836,2
24_two_agent_top_swap,staged_w3_4to12,0,True,0.773478,4.0,2.6528,3.5,3.5,3.5,2,20.1924,3
24_two_agent_top_swap,staged_w3_4to12,0,True,0.775909,4.0,2.59931,3.5,3.5,3.5,2,19.5903,4
24_two_agent_top_swap,staged_w3_4to12,0,True,0.803532,4.0,2.74009,3.5,3.5,3.5,2,20.2952,5
25_two_agent_cross_lane,staged_w3_4to12,0,True,0.35911,3.0,,,3.0,3.0,1,17.3995,1
25_two_agent_cross_lane,staged_w3_4to12,0,True,0.320597,3.0,,,3.0,3.0,1,17.1011,2
25_two_agent_cross_lane,staged_w3_4to12,0,True,0.316933,3.0,,,3.0,3.0,1,16.8311,3
25_two_agent_cross_lane,staged_w3_4to12,0,True,0.359587,3.0,,,3.0,3.0,1,17.3618,4
25_two_agent_cross_lane,staged_w3_4to12,0,True,0.351327,3.0,,,3.0,3.0,1,16.9924,5
26_three_agent_corner_relay,staged_w3_4to12,0,True,10.8276,9.5,,,9.5,9.5,1,101.82,1
26_three_agent_corner_relay,staged_w3_4to12,0,True,10.4219,9.5,,,9.5,9.5,1,101.845,2
26_three_agent_corner_relay,staged_w3_4to12,0,True,9.90285,9.5,,,9.5,9.5,1,104.36,3
26_three_agent_corner_relay,staged_w3_4to12,0,True,9.23513,9.5,,,9.5,9.5,1,102.352,4
26_three_agent_corner_relay,staged_w3_4to12,0,True,10.4004,9.5,,,9.5,9.5,1,102.24,5
27_three_agent_compact_cycle,staged_w3_4to12,0,True,1.11566,6.0,8.19499,5.5,5.5,5.5,2,103.982,1
27_three_agent_compact_cycle,staged_w3_4to12,0,True,1.10731,6.0,8.38533,5.5,5.5,5.5,2,103.921,2
27_three_agent_compact_cycle,staged_w3_4to12,0,True,1.1602,6.0,8.35424,5.5,5.5,5.5,2,104.029,3
27_three_agent_compact_cycle,staged_w3_4to12,0,True,1.18016,6.0,8.582,5.5,5.5,5.5,2,104.248,4
27_three_agent_compact_cycle,staged_w3_4to12,0,True,1.17332,6.0,8.35722,5.5,5.5,5.5,2,104.461,5
28_three_agent_center_swap,staged_w3_4to12,0,True,25.866,8.0,,,8.0,8.0,1,101.703,1
28_three_agent_center_swap,staged_w3_4to12,0,True,24.9699,8.0,,,8.0,8.0,1,101.573,2
28_three_agent_center_swap,staged_w3_4to12,0,True,22.6931,8.0,,,8.0,8.0,1,101.655,3
28_three_agent_center_swap,staged_w3_4to12,0,True,22.8471,8.0,,,8.0,8.0,1,101.901,4
28_three_agent_center_swap,staged_w3_4to12,0,True,23.2041,8.0,,,8.0,8.0,1,101.837,5
29_three_agent_lane_mix,staged_w3_4to12,0,True,1.26825,5.0,33.7648,4.5,4.5,4.5,2,71.1992,1
29_three_agent_lane_mix,staged_w3_4to12,0,True,1.26686,5.0,34.1661,4.5,4.5,4.5,2,71.7959,2
29_three_agent_lane_mix,staged_w3_4to12,0,True,1.37896,5.0,34.2602,4.5,4.5,4.5,2,72.1495,3
29_three_agent_lane_mix,staged_w3_4to12,0,True,1.30222,5.0,37.814,4.5,4.5,4.5,2,79.1624,4
29_three_agent_lane_mix,staged_w3_4to12,0,True,1.22446,5.0,33.2647,4.5,4.5,4.5,2,91.1792,5
30_three_agent_corner_cycle,staged_w3_4to12,0,True,1.22352,5.5,,,5.5,5.5,1,105.384,1
30_three_agent_corner_cycle,staged_w3_4to12,0,True,1.26675,5.5,,,5.5,5.5,1,105.443,2
30_three_agent_corner_cycle,staged_w3_4to12,0,True,1.33946,5.5,,,5.5,5.5,1,105.203,3
30_three_agent_corner_cycle,staged_w3_4to12,0,True,1.20412,5.5,,,5.5,5.5,1,105.11,4
30_three_agent_corner_cycle,staged_w3_4to12,0,True,1.62894,5.5,,,5.5,5.5,1,105.093,5
01_one_agent_cross_workspace,fast_w10_b3_a3,0,True,15.8784,6.5,,,6.5,6.5,1,18.9146,1
01_one_agent_cross_workspace,fast_w10_b3_a3,0,True,15.555,6.5,,,6.5,6.5,1,18.3855,2
01_one_agent_cross_workspace,fast_w10_b3_a3,0,True,16.1929,6.5,,,6.5,6.5,1,19.1454,3
01_one_agent_cross_workspace,fast_w10_b3_a3,0,True,16.7234,6.5,,,6.5,6.5,1,20.4472,4
01_one_agent_cross_workspace,fast_w10_b3_a3,0,True,16.275,6.5,,,6.5,6.5,1,19.2313,5
02_one_agent_short_turn,fast_w10_b3_a3,0,True,0.162759,4.0,,,4.0,4.0,1,1.49197,1
02_one_agent_short_turn,fast_w10_b3_a3,0,True,0.175496,4.0,,,4.0,4.0,1,1.54886,2
02_one_agent_short_turn,fast_w10_b3_a3,0,True,0.169087,4.0,,,4.0,4.0,1,1.44377,3
02_one_agent_short_turn,fast_w10_b3_a3,0,True,0.164239,4.0,,,4.0,4.0,1,1.49964,4
02_one_agent_short_turn,fast_w10_b3_a3,0,True,0.157331,4.0,,,4.0,4.0,1,1.46407,5
03_one_agent_top_reorient,fast_w10_b3_a3,0,True,0.51697,3.5,,,3.5,3.5,1,1.84296,1
03_one_agent_top_reorient,fast_w10_b3_a3,0,True,0.47998,3.5,,,3.5,3.5,1,1.72265,2
03_one_agent_top_reorient,fast_w10_b3_a3,0,True,1.06625,3.5,,,3.5,3.5,1,3.833,3
03_one_agent_top_reorient,fast_w10_b3_a3,0,True,0.488774,3.5,,,3.5,3.5,1,1.70752,4
03_one_agent_top_reorient,fast_w10_b3_a3,0,True,0.523981,3.5,,,3.5,3.5,1,1.8892,5
04_two_agent_relocation,fast_w10_b3_a3,0,True,0.406096,4.5,0.7621,4.0,4.0,4.0,2,2.79878,1
04_two_agent_relocation,fast_w10_b3_a3,0,True,0.409107,4.5,0.75074,4.0,4.0,4.0,2,2.01008,2
04_two_agent_relocation,fast_w10_b3_a3,0,True,0.454411,4.5,0.89511,4.0,4.0,4.0,2,2.04387,3
04_two_agent_relocation,fast_w10_b3_a3,0,True,0.499676,4.5,0.950272,4.0,4.0,4.0,2,2.58726,4
04_two_agent_relocation,fast_w10_b3_a3,0,True,0.473187,4.5,0.823273,4.0,4.0,4.0,2,1.96878,5
05_two_agent_crossing,fast_w10_b3_a3,0,True,3.71071,9.5,28.561,7.0,7.0,7.0,2,29.7192,1
05_two_agent_crossing,fast_w10_b3_a3,0,True,3.87179,9.5,28.5675,7.0,7.0,7.0,2,29.6979,2
05_two_agent_crossing,fast_w10_b3_a3,0,True,3.70444,9.5,27.3282,7.0,7.0,7.0,2,28.2858,3
05_two_agent_crossing,fast_w10_b3_a3,0,True,3.99953,9.5,28.5216,7.0,7.0,7.0,2,29.5548,4
05_two_agent_crossing,fast_w10_b3_a3,0,True,3.8395,9.5,28.0133,7.0,7.0,7.0,2,29.0091,5
06_two_agent_diagonal,fast_w10_b3_a3,0,True,2.70513,6.0,,,6.0,6.0,1,8.07293,1
06_two_agent_diagonal,fast_w10_b3_a3,0,True,2.53774,6.0,,,6.0,6.0,1,7.68413,2
06_two_agent_diagonal,fast_w10_b3_a3,0,True,3.87716,6.0,,,6.0,6.0,1,8.94264,3
06_two_agent_diagonal,fast_w10_b3_a3,0,True,2.66852,6.0,,,6.0,6.0,1,8.57285,4
06_two_agent_diagonal,fast_w10_b3_a3,0,True,2.62348,6.0,,,6.0,6.0,1,7.72559,5
07_three_agent_relay,fast_w10_b3_a3,0,True,1.47249,7.0,,,7.0,7.0,1,14.1162,1
07_three_agent_relay,fast_w10_b3_a3,0,True,1.56337,7.0,,,7.0,7.0,1,13.6144,2
07_three_agent_relay,fast_w10_b3_a3,0,True,1.42212,7.0,,,7.0,7.0,1,12.905,3
07_three_agent_relay,fast_w10_b3_a3,0,True,1.53275,7.0,,,7.0,7.0,1,13.2437,4
07_three_agent_relay,fast_w10_b3_a3,0,True,1.57637,7.0,,,7.0,7.0,1,13.7951,5
08_three_agent_dense,fast_w10_b3_a3,0,True,6.46127,9.0,11.0913,7.5,7.5,7.5,2,25.1912,1
08_three_agent_dense,fast_w10_b3_a3,0,True,6.16238,9.0,10.78,7.5,7.5,7.5,2,24.7508,2
08_three_agent_dense,fast_w10_b3_a3,0,True,6.4531,9.0,11.1128,7.5,7.5,7.5,2,25.7868,3
08_three_agent_dense,fast_w10_b3_a3,0,True,5.94732,9.0,10.5741,7.5,7.5,7.5,2,24.0664,4
08_three_agent_dense,fast_w10_b3_a3,0,True,6.25111,9.0,10.7974,7.5,7.5,7.5,2,24.8027,5
09_three_agent_diagonal,fast_w10_b3_a3,0,True,10.9618,6.5,,,6.5,6.5,1,26.3097,1
09_three_agent_diagonal,fast_w10_b3_a3,0,True,10.2772,6.5,,,6.5,6.5,1,25.3235,2
09_three_agent_diagonal,fast_w10_b3_a3,0,True,10.5162,6.5,,,6.5,6.5,1,25.7188,3
09_three_agent_diagonal,fast_w10_b3_a3,0,True,10.6685,6.5,,,6.5,6.5,1,26.0925,4
09_three_agent_diagonal,fast_w10_b3_a3,0,True,10.2574,6.5,,,6.5,6.5,1,24.076,5
10_three_agent_swap_and_exit,fast_w10_b3_a3,0,True,14.6173,9.5,21.79,6.5,6.5,6.5,2,37.0579,1
10_three_agent_swap_and_exit,fast_w10_b3_a3,0,True,14.8502,9.5,22.8859,6.5,6.5,6.5,2,39.8384,2
10_three_agent_swap_and_exit,fast_w10_b3_a3,0,True,14.5144,9.5,22.7255,6.5,6.5,6.5,2,45.7177,3
10_three_agent_swap_and_exit,fast_w10_b3_a3,0,True,14.7501,9.5,22.7086,6.5,6.5,6.5,2,39.9703,4
10_three_agent_swap_and_exit,fast_w10_b3_a3,0,True,16.1354,9.5,24.3041,6.5,6.5,6.5,2,42.0933,5
11_three_agent_fast_cycle,fast_w10_b3_a3,0,True,1.85806,7.0,7.44956,6.5,6.5,6.5,2,19.2548,1
11_three_agent_fast_cycle,fast_w10_b3_a3,0,True,2.02834,7.0,7.92096,6.5,6.5,6.5,2,19.8875,2
11_three_agent_fast_cycle,fast_w10_b3_a3,0,True,2.09016,7.0,8.08975,6.5,6.5,6.5,2,20.1007,3
11_three_agent_fast_cycle,fast_w10_b3_a3,0,True,2.0831,7.0,8.02866,6.5,6.5,6.5,2,20.0596,4
11_three_agent_fast_cycle,fast_w10_b3_a3,0,True,1.97864,7.0,7.81985,6.5,6.5,6.5,2,19.7555,5
12_one_agent_left_dock,fast_w10_b3_a3,0,True,0.094377,1.5,,,1.5,1.5,1,0.109791,1
12_one_agent_left_dock,fast_w10_b3_a3,0,True,0.08359,1.5,,,1.5,1.5,1,0.098468,2
12_one_agent_left_dock,fast_w10_b3_a3,0,True,0.092798,1.5,,,1.5,1.5,1,0.108713,3
12_one_agent_left_dock,fast_w10_b3_a3,0,True,0.097836,1.5,,,1.5,1.5,1,0.114074,4
12_one_agent_left_dock,fast_w10_b3_a3,0,True,0.08794,1.5,,,1.5,1.5,1,0.103489,5
13_one_agent_right_dock,fast_w10_b3_a3,0,True,0.090988,1.5,,,1.5,1.5,1,0.107354,1
13_one_agent_right_dock,fast_w10_b3_a3,0,True,0.112217,1.5,,,1.5,1.5,1,0.128881,2
13_one_agent_right_dock,fast_w10_b3_a3,0,True,0.123464,1.5,,,1.5,1.5,1,0.140131,3
13_one_agent_right_dock,fast_w10_b3_a3,0,True,0.094117,1.5,,,1.5,1.5,1,0.11063,4
13_one_agent_right_dock,fast_w10_b3_a3,0,True,0.096876,1.5,,,1.5,1.5,1,0.113501,5
14_one_agent_bottom_reverse,fast_w10_b3_a3,0,True,1.06767,3.5,,,3.5,3.5,1,1.30429,1
14_one_agent_bottom_reverse,fast_w10_b3_a3,0,True,1.15116,3.5,,,3.5,3.5,1,1.41403,2
14_one_agent_bottom_reverse,fast_w10_b3_a3,0,True,1.16482,3.5,,,3.5,3.5,1,1.43012,3
14_one_agent_bottom_reverse,fast_w10_b3_a3,0,True,1.10067,3.5,,,3.5,3.5,1,1.33791,4
14_one_agent_bottom_reverse,fast_w10_b3_a3,0,True,1.0474,3.5,,,3.5,3.5,1,1.28675,5
15_one_agent_top_transfer,fast_w10_b3_a3,0,True,0.378445,2.0,,,2.0,2.0,1,0.407935,1
15_one_agent_top_transfer,fast_w10_b3_a3,0,True,0.388237,2.0,,,2.0,2.0,1,0.417052,2
15_one_agent_top_transfer,fast_w10_b3_a3,0,True,0.38338,2.0,,,2.0,2.0,1,0.412404,3
15_one_agent_top_transfer,fast_w10_b3_a3,0,True,0.386647,2.0,,,2.0,2.0,1,0.416706,4
15_one_agent_top_transfer,fast_w10_b3_a3,0,True,0.407513,2.0,,,2.0,2.0,1,0.438557,5
16_one_agent_diagonal_goal,fast_w10_b3_a3,1,False,,,,,,,0,2.1644,1
16_one_agent_diagonal_goal,fast_w10_b3_a3,1,False,,,,,,,0,2.19225,2
16_one_agent_diagonal_goal,fast_w10_b3_a3,1,False,,,,,,,0,1.99634,3
16_one_agent_diagonal_goal,fast_w10_b3_a3,1,False,,,,,,,0,2.16175,4
16_one_agent_diagonal_goal,fast_w10_b3_a3,1,False,,,,,,,0,2.21931,5
17_one_agent_diagonal_shift,fast_w10_b3_a3,0,True,0.317068,3.5,,,3.5,3.5,1,0.626129,1
17_one_agent_diagonal_shift,fast_w10_b3_a3,0,True,0.299921,3.5,,,3.5,3.5,1,0.606101,2
17_one_agent_diagonal_shift,fast_w10_b3_a3,0,True,0.28764,3.5,,,3.5,3.5,1,0.569285,3
17_one_agent_diagonal_shift,fast_w10_b3_a3,0,True,0.298486,3.5,,,3.5,3.5,1,0.57343,4
17_one_agent_diagonal_shift,fast_w10_b3_a3,0,True,0.325041,3.5,,,3.5,3.5,1,0.638284,5
18_one_agent_top_lane,fast_w10_b3_a3,0,True,0.593815,4.0,,,4.0,4.0,1,1.20803,1
18_one_agent_top_lane,fast_w10_b3_a3,0,True,0.534816,4.0,,,4.0,4.0,1,1.07877,2
18_one_agent_top_lane,fast_w10_b3_a3,0,True,0.701897,4.0,,,4.0,4.0,1,1.30113,3
18_one_agent_top_lane,fast_w10_b3_a3,0,True,0.534082,4.0,,,4.0,4.0,1,1.08572,4
18_one_agent_top_lane,fast_w10_b3_a3,0,True,0.634679,4.0,,,4.0,4.0,1,1.26852,5
19_two_agent_diverge,fast_w10_b3_a3,0,True,0.436773,4.5,0.810811,4.0,4.0,4.0,2,2.0502,1
19_two_agent_diverge,fast_w10_b3_a3,0,True,0.426495,4.5,0.788556,4.0,4.0,4.0,2,1.98163,2
19_two_agent_diverge,fast_w10_b3_a3,0,True,0.399499,4.5,0.747859,4.0,4.0,4.0,2,1.86437,3
19_two_agent_diverge,fast_w10_b3_a3,0,True,0.411296,4.5,0.76694,4.0,4.0,4.0,2,1.92015,4
19_two_agent_diverge,fast_w10_b3_a3,0,True,0.416732,4.5,0.775472,4.0,4.0,4.0,2,1.94539,5
20_two_agent_center_exchange,fast_w10_b3_a3,0,True,0.951948,2.5,,,2.5,2.5,1,1.03632,1
20_two_agent_center_exchange,fast_w10_b3_a3,0,True,0.929838,2.5,,,2.5,2.5,1,1.02429,2
20_two_agent_center_exchange,fast_w10_b3_a3,0,True,0.851947,2.5,,,2.5,2.5,1,0.936728,3
20_two_agent_center_exchange,fast_w10_b3_a3,0,True,0.9527,2.5,,,2.5,2.5,1,1.04735,4
20_two_agent_center_exchange,fast_w10_b3_a3,0,True,0.97053,2.5,,,2.5,2.5,1,1.06948,5
21_two_agent_long_relocation,fast_w10_b3_a3,0,True,0.405454,3.0,,,3.0,3.0,1,1.00461,1
21_two_agent_long_relocation,fast_w10_b3_a3,0,True,0.362074,3.0,,,3.0,3.0,1,0.911733,2
21_two_agent_long_relocation,fast_w10_b3_a3,0,True,0.366571,3.0,,,3.0,3.0,1,0.929307,3
21_two_agent_long_relocation,fast_w10_b3_a3,0,True,0.364417,3.0,,,3.0,3.0,1,0.977669,4
21_two_agent_long_relocation,fast_w10_b3_a3,0,True,0.368077,3.0,,,3.0,3.0,1,0.93386,5
22_two_agent_vertical_top,fast_w10_b3_a3,0,True,0.439917,5.0,1.86875,4.5,4.5,4.5,2,1.90997,1
22_two_agent_vertical_top,fast_w10_b3_a3,0,True,0.42843,5.0,1.83346,4.5,4.5,4.5,2,1.87514,2
22_two_agent_vertical_top,fast_w10_b3_a3,0,True,0.472993,5.0,2.02873,4.5,4.5,4.5,2,2.07573,3
22_two_agent_vertical_top,fast_w10_b3_a3,0,True,0.464763,5.0,1.93475,4.5,4.5,4.5,2,1.98115,4
22_two_agent_vertical_top,fast_w10_b3_a3,0,True,0.426791,5.0,1.82788,4.5,4.5,4.5,2,1.87098,5
23_two_agent_top_to_center,fast_w10_b3_a3,0,True,3.18085,10.0,21.3946,9.0,8.5,8.5,3,26.9392,1
23_two_agent_top_to_center,fast_w10_b3_a3,0,True,2.96011,10.0,19.4811,9.0,8.5,8.5,3,24.4815,2
23_two_agent_top_to_center,fast_w10_b3_a3,0,True,3.16452,10.0,22.2264,9.0,8.5,8.5,3,27.2744,3
23_two_agent_top_to_center,fast_w10_b3_a3,0,True,3.15285,10.0,20.2411,9.0,8.5,8.5,3,25.3162,4
23_two_agent_top_to_center,fast_w10_b3_a3,0,True,2.95722,10.0,19.6212,9.0,8.5,8.5,3,24.4526,5
24_two_agent_top_swap,fast_w10_b3_a3,0,True,0.585708,4.0,,,4.0,4.0,1,1.19718,1
24_two_agent_top_swap,fast_w10_b3_a3,0,True,0.58387,4.0,,,4.0,4.0,1,1.20064,2
24_two_agent_top_swap,fast_w10_b3_a3,0,True,0.619372,4.0,,,4.0,4.0,1,1.27489,3
24_two_agent_top_swap,fast_w10_b3_a3,0,True,0.625443,4.0,,,4.0,4.0,1,1.29002,4
24_two_agent_top_swap,fast_w10_b3_a3,0,True,0.644913,4.0,,,4.0,4.0,1,1.32522,5
25_two_agent_cross_lane,fast_w10_b3_a3,0,True,0.282514,3.0,,,3.0,3.0,1,0.6164,1
25_two_agent_cross_lane,fast_w10_b3_a3,0,True,0.354488,3.0,,,3.0,3.0,1,0.781298,2
25_two_agent_cross_lane,fast_w10_b3_a3,0,True,0.275499,3.0,,,3.0,3.0,1,0.592941,3
25_two_agent_cross_lane,fast_w10_b3_a3,0,True,0.280943,3.0,,,3.0,3.0,1,0.61337,4
25_two_agent_cross_lane,fast_w10_b3_a3,0,True,0.314041,3.0,,,3.0,3.0,1,0.678042,5
26_three_agent_corner_relay,fast_w10_b3_a3,1,False,,,,,,,0,3.94663,1
26_three_agent_corner_relay,fast_w10_b3_a3,1,False,,,,,,,0,3.8759,2
26_three_agent_corner_relay,fast_w10_b3_a3,1,False,,,,,,,0,4.06025,3
26_three_agent_corner_relay,fast_w10_b3_a3,1,False,,,,,,,0,4.59362,4
26_three_agent_corner_relay,fast_w10_b3_a3,1,False,,,,,,,0,3.53374,5
27_three_agent_compact_cycle,fast_w10_b3_a3,0,True,0.8258,6.0,,,6.0,6.0,1,5.49603,1
27_three_agent_compact_cycle,fast_w10_b3_a3,0,True,0.887313,6.0,,,6.0,6.0,1,5.93881,2
27_three_agent_compact_cycle,fast_w10_b3_a3,0,True,0.879016,6.0,,,6.0,6.0,1,5.88378,3
27_three_agent_compact_cycle,fast_w10_b3_a3,0,True,0.929227,6.0,,,6.0,6.0,1,6.24935,4
27_three_agent_compact_cycle,fast_w10_b3_a3,0,True,0.81775,6.0,,,6.0,6.0,1,5.49859,5
28_three_agent_center_swap,fast_w10_b3_a3,0,True,3.72887,8.0,14.4266,7.5,7.5,7.5,2,21.2054,1
28_three_agent_center_swap,fast_w10_b3_a3,0,True,4.17925,8.0,16.337,7.5,7.5,7.5,2,24.0554,2
28_three_agent_center_swap,fast_w10_b3_a3,0,True,4.03394,8.0,17.7825,7.5,7.5,7.5,2,25.3572,3
28_three_agent_center_swap,fast_w10_b3_a3,0,True,3.71675,8.0,14.4537,7.5,7.5,7.5,2,21.2477,4
28_three_agent_center_swap,fast_w10_b3_a3,0,True,3.83086,8.0,14.99,7.5,7.5,7.5,2,22.1024,5
29_three_agent_lane_mix,fast_w10_b3_a3,0,True,0.886568,5.0,2.25738,4.5,4.5,4.5,2,2.29903,1
29_three_agent_lane_mix,fast_w10_b3_a3,0,True,0.947272,5.0,2.40736,4.5,4.5,4.5,2,2.45178,2
29_three_agent_lane_mix,fast_w10_b3_a3,0,True,0.922981,5.0,2.33687,4.5,4.5,4.5,2,2.38678,3
29_three_agent_lane_mix,fast_w10_b3_a3,0,True,0.881251,5.0,2.28568,4.5,4.5,4.5,2,2.33234,4
29_three_agent_lane_mix,fast_w10_b3_a3,0,True,0.86794,5.0,2.2495,4.5,4.5,4.5,2,2.29025,5
30_three_agent_corner_cycle,fast_w10_b3_a3,0,True,0.858657,5.5,,,5.5,5.5,1,5.31973,1
30_three_agent_corner_cycle,fast_w10_b3_a3,0,True,0.897927,5.5,,,5.5,5.5,1,5.43584,2
30_three_agent_corner_cycle,fast_w10_b3_a3,0,True,0.926516,5.5,,,5.5,5.5,1,5.79537,3
30_three_agent_corner_cycle,fast_w10_b3_a3,0,True,0.991491,5.5,,,5.5,5.5,1,5.95037,4
30_three_agent_corner_cycle,fast_w10_b3_a3,0,True,0.851489,5.5,,,5.5,5.5,1,6.33068,5
01_one_agent_cross_workspace,staged_w5_3to4_a3,0,True,16.652,6.5,,,6.5,6.5,1,88.1177,1
01_one_agent_cross_workspace,staged_w5_3to4_a3,0,True,14.8287,6.5,,,6.5,6.5,1,79.6983,2
01_one_agent_cross_workspace,staged_w5_3to4_a3,0,True,15.1097,6.5,,,6.5,6.5,1,79.2096,3
01_one_agent_cross_workspace,staged_w5_3to4_a3,0,True,15.4187,6.5,,,6.5,6.5,1,79.9286,4
01_one_agent_cross_workspace,staged_w5_3to4_a3,0,True,15.2709,6.5,,,6.5,6.5,1,79.4406,5
02_one_agent_short_turn,staged_w5_3to4_a3,0,True,0.167799,4.0,,,4.0,4.0,1,4.62397,1
02_one_agent_short_turn,staged_w5_3to4_a3,0,True,0.178801,4.0,,,4.0,4.0,1,4.38551,2
02_one_agent_short_turn,staged_w5_3to4_a3,0,True,0.15499,4.0,,,4.0,4.0,1,4.45521,3
02_one_agent_short_turn,staged_w5_3to4_a3,0,True,0.165577,4.0,,,4.0,4.0,1,4.72472,4
02_one_agent_short_turn,staged_w5_3to4_a3,0,True,0.157036,4.0,,,4.0,4.0,1,4.58971,5
03_one_agent_top_reorient,staged_w5_3to4_a3,0,True,0.491216,3.5,,,3.5,3.5,1,6.44673,1
03_one_agent_top_reorient,staged_w5_3to4_a3,0,True,0.497354,3.5,,,3.5,3.5,1,4.27299,2
03_one_agent_top_reorient,staged_w5_3to4_a3,0,True,0.512163,3.5,,,3.5,3.5,1,4.40895,3
03_one_agent_top_reorient,staged_w5_3to4_a3,0,True,0.479212,3.5,,,3.5,3.5,1,4.18229,4
03_one_agent_top_reorient,staged_w5_3to4_a3,0,True,0.503293,3.5,,,3.5,3.5,1,4.45328,5
04_two_agent_relocation,staged_w5_3to4_a3,0,True,0.440533,4.5,1.78285,4.0,4.0,4.0,2,6.44836,1
04_two_agent_relocation,staged_w5_3to4_a3,0,True,0.419057,4.5,1.78058,4.0,4.0,4.0,2,6.1506,2
04_two_agent_relocation,staged_w5_3to4_a3,0,True,0.416262,4.5,1.67725,4.0,4.0,4.0,2,5.989,3
04_two_agent_relocation,staged_w5_3to4_a3,0,True,0.440875,4.5,1.84065,4.0,4.0,4.0,2,6.47532,4
04_two_agent_relocation,staged_w5_3to4_a3,0,True,0.425719,4.5,1.72281,4.0,4.0,4.0,2,6.10759,5
05_two_agent_crossing,staged_w5_3to4_a3,0,True,4.93653,9.5,33.4304,9.0,7.5,7.0,4,99.5136,1
05_two_agent_crossing,staged_w5_3to4_a3,0,True,4.62946,9.5,33.7971,9.0,7.5,7.5,3,105.167,2
05_two_agent_crossing,staged_w5_3to4_a3,0,True,4.50511,9.5,30.1295,9.0,7.5,7.0,4,96.512,3
05_two_agent_crossing,staged_w5_3to4_a3,0,True,4.53794,9.5,31.666,9.0,7.5,7.5,3,107.996,4
05_two_agent_crossing,staged_w5_3to4_a3,0,True,4.9109,9.5,32.9049,9.0,7.5,7.5,3,104.302,5
06_two_agent_diagonal,staged_w5_3to4_a3,0,True,2.75964,6.0,22.0219,5.5,5.5,5.5,2,24.6933,1
06_two_agent_diagonal,staged_w5_3to4_a3,0,True,2.92509,6.0,22.8553,5.5,5.5,5.5,2,25.8452,2
06_two_agent_diagonal,staged_w5_3to4_a3,0,True,2.74325,6.0,21.8309,5.5,5.5,5.5,2,24.5192,3
06_two_agent_diagonal,staged_w5_3to4_a3,0,True,2.80746,6.0,22.0751,5.5,5.5,5.5,2,24.6285,4
06_two_agent_diagonal,staged_w5_3to4_a3,0,True,2.82417,6.0,23.0099,5.5,5.5,5.5,2,25.6208,5
07_three_agent_relay,staged_w5_3to4_a3,0,True,1.51216,7.0,36.0467,6.5,6.0,6.0,3,40.7924,1
07_three_agent_relay,staged_w5_3to4_a3,0,True,1.63999,7.0,36.4979,6.5,6.0,6.0,3,41.3989,2
07_three_agent_relay,staged_w5_3to4_a3,0,True,1.54564,7.0,33.4112,6.5,6.0,6.0,3,37.9807,3
07_three_agent_relay,staged_w5_3to4_a3,0,True,1.47046,7.0,35.4921,6.5,6.0,6.0,3,40.1999,4
07_three_agent_relay,staged_w5_3to4_a3,0,True,1.42515,7.0,32.2682,6.5,6.0,6.0,3,36.5604,5
08_three_agent_dense,staged_w5_3to4_a3,0,True,4.60321,9.0,13.2491,8.0,6.5,6.5,3,86.8082,1
08_three_agent_dense,staged_w5_3to4_a3,0,True,4.81739,9.0,14.2618,8.0,8.0,6.5,3,88.5744,2
08_three_agent_dense,staged_w5_3to4_a3,0,True,4.74876,9.0,14.6144,8.0,8.0,6.5,3,87.9459,3
08_three_agent_dense,staged_w5_3to4_a3,0,True,4.74936,9.0,13.662,8.0,8.0,6.5,3,89.1967,4
08_three_agent_dense,staged_w5_3to4_a3,0,True,4.63283,9.0,13.6045,8.0,8.0,6.5,3,88.2645,5
09_three_agent_diagonal,staged_w5_3to4_a3,0,True,11.0093,6.5,,,6.5,6.5,1,82.4823,1
09_three_agent_diagonal,staged_w5_3to4_a3,0,True,10.1347,6.5,,,6.5,6.5,1,81.2456,2
09_three_agent_diagonal,staged_w5_3to4_a3,0,True,9.53785,6.5,,,6.5,6.5,1,73.7147,3
09_three_agent_diagonal,staged_w5_3to4_a3,0,True,9.4393,6.5,,,6.5,6.5,1,73.6091,4
09_three_agent_diagonal,staged_w5_3to4_a3,0,True,11.1518,6.5,,,6.5,6.5,1,77.8201,5
10_three_agent_swap_and_exit,staged_w5_3to4_a3,0,True,13.5207,7.5,32.7316,7.0,7.0,6.0,4,94.5072,1
10_three_agent_swap_and_exit,staged_w5_3to4_a3,0,True,14.8459,7.5,32.5492,7.0,7.0,6.0,4,99.5784,2
10_three_agent_swap_and_exit,staged_w5_3to4_a3,0,True,13.8793,7.5,32.1696,7.0,7.0,6.0,4,93.2056,3
10_three_agent_swap_and_exit,staged_w5_3to4_a3,0,True,12.0111,7.5,28.7809,7.0,7.0,6.0,4,90.1843,4
10_three_agent_swap_and_exit,staged_w5_3to4_a3,0,True,12.3395,7.5,28.8534,7.0,7.0,6.0,4,89.2052,5
11_three_agent_fast_cycle,staged_w5_3to4_a3,0,True,1.89841,7.0,3.16231,6.5,6.0,6.0,3,41.8324,1
11_three_agent_fast_cycle,staged_w5_3to4_a3,0,True,1.8527,7.0,3.10162,6.5,6.0,6.0,3,41.5656,2
11_three_agent_fast_cycle,staged_w5_3to4_a3,0,True,2.09999,7.0,3.36238,6.5,6.0,6.0,3,41.7068,3
11_three_agent_fast_cycle,staged_w5_3to4_a3,0,True,1.88886,7.0,3.17119,6.5,6.0,6.0,3,41.6199,4
11_three_agent_fast_cycle,staged_w5_3to4_a3,0,True,1.84792,7.0,3.08613,6.5,6.0,6.0,3,41.8136,5
12_one_agent_left_dock,staged_w5_3to4_a3,0,True,0.088876,1.5,,,1.5,1.5,1,0.142505,1
12_one_agent_left_dock,staged_w5_3to4_a3,0,True,0.088515,1.5,,,1.5,1.5,1,0.142362,2
12_one_agent_left_dock,staged_w5_3to4_a3,0,True,0.08346,1.5,,,1.5,1.5,1,0.136817,3
12_one_agent_left_dock,staged_w5_3to4_a3,0,True,0.090334,1.5,,,1.5,1.5,1,0.148708,4
12_one_agent_left_dock,staged_w5_3to4_a3,0,True,0.086402,1.5,,,1.5,1.5,1,0.140167,5
13_one_agent_right_dock,staged_w5_3to4_a3,0,True,0.10368,1.5,,,1.5,1.5,1,0.218741,1
13_one_agent_right_dock,staged_w5_3to4_a3,0,True,0.09536,1.5,,,1.5,1.5,1,0.202578,2
13_one_agent_right_dock,staged_w5_3to4_a3,0,True,0.094809,1.5,,,1.5,1.5,1,0.203244,3
13_one_agent_right_dock,staged_w5_3to4_a3,0,True,0.092383,1.5,,,1.5,1.5,1,0.200756,4
13_one_agent_right_dock,staged_w5_3to4_a3,0,True,0.093539,1.5,,,1.5,1.5,1,0.202062,5
14_one_agent_bottom_reverse,staged_w5_3to4_a3,0,True,1.10185,3.5,,,3.5,3.5,1,2.14876,1
14_one_agent_bottom_reverse,staged_w5_3to4_a3,0,True,1.06614,3.5,,,3.5,3.5,1,2.12902,2
14_one_agent_bottom_reverse,staged_w5_3to4_a3,0,True,1.09271,3.5,,,3.5,3.5,1,2.1507,3
14_one_agent_bottom_reverse,staged_w5_3to4_a3,0,True,1.05441,3.5,,,3.5,3.5,1,2.09633,4
14_one_agent_bottom_reverse,staged_w5_3to4_a3,0,True,1.08602,3.5,,,3.5,3.5,1,2.13818,5
15_one_agent_top_transfer,staged_w5_3to4_a3,0,True,0.391389,2.0,,,2.0,2.0,1,0.748603,1
15_one_agent_top_transfer,staged_w5_3to4_a3,0,True,0.381073,2.0,,,2.0,2.0,1,0.732596,2
15_one_agent_top_transfer,staged_w5_3to4_a3,0,True,0.393195,2.0,,,2.0,2.0,1,0.771473,3
15_one_agent_top_transfer,staged_w5_3to4_a3,0,True,0.394244,2.0,,,2.0,2.0,1,0.786297,4
15_one_agent_top_transfer,staged_w5_3to4_a3,0,True,0.41299,2.0,,,2.0,2.0,1,0.807545,5
16_one_agent_diagonal_goal,staged_w5_3to4_a3,0,True,9.88243,8.5,,,8.5,8.5,1,10.5799,1
16_one_agent_diagonal_goal,staged_w5_3to4_a3,0,True,8.01983,8.5,,,8.5,8.5,1,8.67606,2
16_one_agent_diagonal_goal,staged_w5_3to4_a3,0,True,8.91986,8.5,,,8.5,8.5,1,9.66133,3
16_one_agent_diagonal_goal,staged_w5_3to4_a3,0,True,7.81327,8.5,,,8.5,8.5,1,8.46665,4
16_one_agent_diagonal_goal,staged_w5_3to4_a3,0,True,8.81141,8.5,,,8.5,8.5,1,9.55664,5
17_one_agent_diagonal_shift,staged_w5_3to4_a3,0,True,0.312916,3.5,,,3.5,3.5,1,1.28754,1
17_one_agent_diagonal_shift,staged_w5_3to4_a3,0,True,0.282764,3.5,,,3.5,3.5,1,1.1773,2
17_one_agent_diagonal_shift,staged_w5_3to4_a3,0,True,0.289109,3.5,,,3.5,3.5,1,1.18247,3
17_one_agent_diagonal_shift,staged_w5_3to4_a3,0,True,0.307324,3.5,,,3.5,3.5,1,1.28342,4
17_one_agent_diagonal_shift,staged_w5_3to4_a3,0,True,0.575387,3.5,,,3.5,3.5,1,1.5288,5
18_one_agent_top_lane,staged_w5_3to4_a3,0,True,0.589378,4.0,,,4.0,4.0,1,3.18811,1
18_one_agent_top_lane,staged_w5_3to4_a3,0,True,1.22908,4.0,,,4.0,4.0,1,4.41483,2
18_one_agent_top_lane,staged_w5_3to4_a3,0,True,0.525942,4.0,,,4.0,4.0,1,2.9477,3
18_one_agent_top_lane,staged_w5_3to4_a3,0,True,0.512902,4.0,,,4.0,4.0,1,2.9198,4
18_one_agent_top_lane,staged_w5_3to4_a3,0,True,0.532759,4.0,,,4.0,4.0,1,2.92434,5
19_two_agent_diverge,staged_w5_3to4_a3,0,True,0.431342,4.5,1.74668,4.0,4.0,4.0,2,6.18069,1
19_two_agent_diverge,staged_w5_3to4_a3,0,True,0.40749,4.5,1.70691,4.0,4.0,4.0,2,6.08125,2
19_two_agent_diverge,staged_w5_3to4_a3,0,True,0.409015,4.5,1.66667,4.0,4.0,4.0,2,6.07622,3
19_two_agent_diverge,staged_w5_3to4_a3,0,True,0.582527,4.5,2.08878,4.0,4.0,4.0,2,6.29323,4
19_two_agent_diverge,staged_w5_3to4_a3,0,True,0.431821,4.5,1.78256,4.0,4.0,4.0,2,6.38009,5
20_two_agent_center_exchange,staged_w5_3to4_a3,0,True,0.958409,2.5,1.96443,2.0,2.0,2.0,2,1.98302,1
20_two_agent_center_exchange,staged_w5_3to4_a3,0,True,0.842878,2.5,1.7709,2.0,2.0,2.0,2,1.78769,2
20_two_agent_center_exchange,staged_w5_3to4_a3,0,True,0.843808,2.5,1.73163,2.0,2.0,2.0,2,1.74783,3
20_two_agent_center_exchange,staged_w5_3to4_a3,0,True,0.8433,2.5,1.73134,2.0,2.0,2.0,2,1.74716,4
20_two_agent_center_exchange,staged_w5_3to4_a3,0,True,0.84667,2.5,1.74687,2.0,2.0,2.0,2,1.76334,5
21_two_agent_long_relocation,staged_w5_3to4_a3,0,True,0.354339,3.0,,,3.0,3.0,1,2.36119,1
21_two_agent_long_relocation,staged_w5_3to4_a3,0,True,0.622319,3.0,,,3.0,3.0,1,2.86029,2
21_two_agent_long_relocation,staged_w5_3to4_a3,0,True,0.358089,3.0,,,3.0,3.0,1,2.46879,3
21_two_agent_long_relocation,staged_w5_3to4_a3,0,True,0.40357,3.0,,,3.0,3.0,1,2.70161,4
21_two_agent_long_relocation,staged_w5_3to4_a3,0,True,0.401651,3.0,,,3.0,3.0,1,2.76905,5
22_two_agent_vertical_top,staged_w5_3to4_a3,0,True,0.415157,5.0,1.46048,4.5,4.5,4.5,2,4.79085,1
22_two_agent_vertical_top,staged_w5_3to4_a3,0,True,0.429516,5.0,1.5136,4.5,4.5,4.5,2,4.6567,2
22_two_agent_vertical_top,staged_w5_3to4_a3,0,True,0.411645,5.0,1.44173,4.5,4.5,4.5,2,4.47929,3
22_two_agent_vertical_top,staged_w5_3to4_a3,0,True,0.427624,5.0,1.49963,4.5,4.5,4.5,2,4.64998,4
22_two_agent_vertical_top,staged_w5_3to4_a3,0,True,0.436631,5.0,1.53062,4.5,4.5,4.5,2,4.72491,5
23_two_agent_top_to_center,staged_w5_3to4_a3,0,True,3.95893,10.0,10.4328,9.0,8.0,8.0,3,102.947,1
23_two_agent_top_to_center,staged_w5_3to4_a3,0,True,3.50449,10.0,9.20563,9.0,8.0,8.0,3,103.631,2
23_two_agent_top_to_center,staged_w5_3to4_a3,0,True,3.87148,10.0,10.2394,9.0,8.0,8.0,3,102.928,3
23_two_agent_top_to_center,staged_w5_3to4_a3,0,True,3.85135,10.0,10.0308,9.0,8.0,8.0,3,103.349,4
23_two_agent_top_to_center,staged_w5_3to4_a3,0,True,4.01299,10.0,10.484,9.0,8.0,8.0,3,102.852,5
24_two_agent_top_swap,staged_w5_3to4_a3,0,True,0.62394,4.0,,,4.0,4.0,1,2.5804,1
24_two_agent_top_swap,staged_w5_3to4_a3,0,True,0.627422,4.0,,,4.0,4.0,1,2.60909,2
24_two_agent_top_swap,staged_w5_3to4_a3,0,True,0.621902,4.0,,,4.0,4.0,1,2.62081,3
24_two_agent_top_swap,staged_w5_3to4_a3,0,True,1.20515,4.0,,,4.0,4.0,1,3.37654,4
24_two_agent_top_swap,staged_w5_3to4_a3,0,True,0.631875,4.0,,,4.0,4.0,1,2.57887,5
25_two_agent_cross_lane,staged_w5_3to4_a3,0,True,0.31138,3.0,,,3.0,3.0,1,1.70427,1
25_two_agent_cross_lane,staged_w5_3to4_a3,0,True,0.290738,3.0,,,3.0,3.0,1,1.51689,2
25_two_agent_cross_lane,staged_w5_3to4_a3,0,True,0.318032,3.0,,,3.0,3.0,1,1.65185,3
25_two_agent_cross_lane,staged_w5_3to4_a3,0,True,0.319018,3.0,,,3.0,3.0,1,1.67516,4
25_two_agent_cross_lane,staged_w5_3to4_a3,0,True,0.306045,3.0,,,3.0,3.0,1,1.68334,5
26_three_agent_corner_relay,staged_w5_3to4_a3,0,True,12.6675,9.5,25.4757,8.5,8.5,8.5,2,27.6288,1
26_three_agent_corner_relay,staged_w5_3to4_a3,0,True,13.0758,9.5,26.282,8.5,8.5,8.5,2,28.4059,2
26_three_agent_corner_relay,staged_w5_3to4_a3,0,True,13.2653,9.5,26.4645,8.5,8.5,8.5,2,28.863,3
26_three_agent_corner_relay,staged_w5_3to4_a3,0,True,12.0901,9.5,24.0238,8.5,8.5,8.5,2,26.1711,4
26_three_agent_corner_relay,staged_w5_3to4_a3,0,True,11.151,9.5,22.3775,8.5,8.5,8.5,2,24.3464,5
27_three_agent_compact_cycle,staged_w5_3to4_a3,0,True,0.831802,6.0,,,6.0,6.0,1,25.7599,1
27_three_agent_compact_cycle,staged_w5_3to4_a3,0,True,0.830825,6.0,,,6.0,6.0,1,25.4919,2
27_three_agent_compact_cycle,staged_w5_3to4_a3,0,True,0.826609,6.0,,,6.0,6.0,1,25.5567,3
27_three_agent_compact_cycle,staged_w5_3to4_a3,0,True,0.917998,6.0,,,6.0,6.0,1,29.4457,4
27_three_agent_compact_cycle,staged_w5_3to4_a3,0,True,0.822321,6.0,,,6.0,6.0,1,28.9607,5
28_three_agent_center_swap,staged_w5_3to4_a3,0,True,4.27532,8.0,81.0041,7.5,8.0,7.5,2,103.689,1
28_three_agent_center_swap,staged_w5_3to4_a3,0,True,4.30642,8.0,81.1877,7.5,8.0,7.5,2,103.868,2
28_three_agent_center_swap,staged_w5_3to4_a3,0,True,3.7401,8.0,72.2578,7.5,8.0,6.5,3,104.094,3
28_three_agent_center_swap,staged_w5_3to4_a3,0,True,4.05891,8.0,81.1797,7.5,8.0,7.5,2,104.299,4
28_three_agent_center_swap,staged_w5_3to4_a3,0,True,3.93817,8.0,79.99,7.5,8.0,7.5,2,103.791,5
29_three_agent_lane_mix,staged_w5_3to4_a3,0,True,0.888772,5.0,3.73244,4.5,4.5,4.5,2,5.05283,1
29_three_agent_lane_mix,staged_w5_3to4_a3,0,True,0.935484,5.0,3.99015,4.5,4.5,4.5,2,5.43724,2
29_three_agent_lane_mix,staged_w5_3to4_a3,0,True,0.986856,5.0,3.82955,4.5,4.5,4.5,2,5.16842,3
29_three_agent_lane_mix,staged_w5_3to4_a3,0,True,0.880763,5.0,3.71824,4.5,4.5,4.5,2,5.01961,4
29_three_agent_lane_mix,staged_w5_3to4_a3,0,True,0.875647,5.0,3.73128,4.5,4.5,4.5,2,5.03924,5
30_three_agent_corner_cycle,staged_w5_3to4_a3,0,True,0.927501,5.5,14.9654,5.0,5.0,5.0,2,15.9265,1
30_three_agent_corner_cycle,staged_w5_3to4_a3,0,True,0.873668,5.5,13.3664,5.0,5.0,5.0,2,14.2718,2
30_three_agent_corner_cycle,staged_w5_3to4_a3,0,True,0.900457,5.5,13.8247,5.0,5.0,5.0,2,14.7697,3
30_three_agent_corner_cycle,staged_w5_3to4_a3,0,True,0.903692,5.5,13.8386,5.0,5.0,5.0,2,14.7551,4
30_three_agent_corner_cycle,staged_w5_3to4_a3,0,True,0.894616,5.5,13.692,5.0,5.0,5.0,2,14.8084,5
01_one_agent_cross_workspace,staged_w10_3to4_a3,0,True,15.1189,6.5,,,6.5,6.5,1,79.6197,1
01_one_agent_cross_workspace,staged_w10_3to4_a3,0,True,16.153,6.5,,,6.5,6.5,1,84.0976,2
01_one_agent_cross_workspace,staged_w10_3to4_a3,0,True,16.2374,6.5,,,6.5,6.5,1,82.0432,3
01_one_agent_cross_workspace,staged_w10_3to4_a3,0,True,15.4531,6.5,,,6.5,6.5,1,79.0006,4
01_one_agent_cross_workspace,staged_w10_3to4_a3,0,True,14.7996,6.5,,,6.5,6.5,1,78.1862,5
02_one_agent_short_turn,staged_w10_3to4_a3,0,True,0.161017,4.0,,,4.0,4.0,1,4.84721,1
02_one_agent_short_turn,staged_w10_3to4_a3,0,True,0.167522,4.0,,,4.0,4.0,1,4.68506,2
02_one_agent_short_turn,staged_w10_3to4_a3,0,True,0.172609,4.0,,,4.0,4.0,1,4.6762,3
02_one_agent_short_turn,staged_w10_3to4_a3,0,True,0.17994,4.0,,,4.0,4.0,1,5.06438,4
02_one_agent_short_turn,staged_w10_3to4_a3,0,True,0.201206,4.0,,,4.0,4.0,1,5.47222,5
03_one_agent_top_reorient,staged_w10_3to4_a3,0,True,0.60684,3.5,,,3.5,3.5,1,5.2653,1
03_one_agent_top_reorient,staged_w10_3to4_a3,0,True,0.595291,3.5,,,3.5,3.5,1,5.17356,2
03_one_agent_top_reorient,staged_w10_3to4_a3,0,True,0.598597,3.5,,,3.5,3.5,1,5.09312,3
03_one_agent_top_reorient,staged_w10_3to4_a3,0,True,0.659321,3.5,,,3.5,3.5,1,5.74019,4
03_one_agent_top_reorient,staged_w10_3to4_a3,0,True,0.668915,3.5,,,3.5,3.5,1,5.94099,5
04_two_agent_relocation,staged_w10_3to4_a3,0,True,0.59055,4.5,2.36126,4.0,4.0,4.0,2,8.74531,1
04_two_agent_relocation,staged_w10_3to4_a3,0,True,0.542972,4.5,2.12304,4.0,4.0,4.0,2,7.5192,2
04_two_agent_relocation,staged_w10_3to4_a3,0,True,0.635658,4.5,2.51307,4.0,4.0,4.0,2,8.98334,3
04_two_agent_relocation,staged_w10_3to4_a3,0,True,0.544087,4.5,2.1739,4.0,4.0,4.0,2,7.72029,4
04_two_agent_relocation,staged_w10_3to4_a3,0,True,0.531282,4.5,2.12997,4.0,4.0,4.0,2,7.57099,5
05_two_agent_crossing,staged_w10_3to4_a3,0,True,4.69017,9.5,36.3564,9.0,7.5,7.5,3,104.2,1
05_two_agent_crossing,staged_w10_3to4_a3,0,True,4.66502,9.5,35.6066,9.0,7.5,7.5,3,104.436,2
05_two_agent_crossing,staged_w10_3to4_a3,0,True,4.67177,9.5,35.1433,9.0,7.5,7.5,3,104.367,3
05_two_agent_crossing,staged_w10_3to4_a3,0,True,4.48034,9.5,35.2293,9.0,7.5,7.5,3,103.724,4
05_two_agent_crossing,staged_w10_3to4_a3,0,True,4.31279,9.5,33.4869,9.0,7.5,7.5,3,104.418,5
06_two_agent_diagonal,staged_w10_3to4_a3,0,True,2.88092,6.0,22.6197,5.5,5.5,5.5,2,25.487,1
06_two_agent_diagonal,staged_w10_3to4_a3,0,True,2.84786,6.0,22.4782,5.5,5.5,5.5,2,25.3824,2
06_two_agent_diagonal,staged_w10_3to4_a3,0,True,3.04572,6.0,23.1648,5.5,5.5,5.5,2,26.1425,3
06_two_agent_diagonal,staged_w10_3to4_a3,0,True,2.88905,6.0,23.1309,5.5,5.5,5.5,2,26.1546,4
06_two_agent_diagonal,staged_w10_3to4_a3,0,True,3.14443,6.0,25.2595,5.5,5.5,5.5,2,28.2496,5
07_three_agent_relay,staged_w10_3to4_a3,0,True,1.7398,7.0,37.5664,6.5,6.0,6.0,3,42.6869,1
07_three_agent_relay,staged_w10_3to4_a3,0,True,1.6191,7.0,35.6246,6.5,6.0,6.0,3,40.7179,2
07_three_agent_relay,staged_w10_3to4_a3,0,True,1.62778,7.0,35.9969,6.5,6.0,6.0,3,41.2831,3
07_three_agent_relay,staged_w10_3to4_a3,0,True,2.39738,7.0,44.1077,6.5,6.0,6.0,3,50.837,4
07_three_agent_relay,staged_w10_3to4_a3,0,True,1.6888,7.0,37.4462,6.5,6.0,6.0,3,42.4104,5
08_three_agent_dense,staged_w10_3to4_a3,0,True,6.26247,9.0,18.1213,8.0,8.0,6.5,3,90.6022,1
08_three_agent_dense,staged_w10_3to4_a3,0,True,6.415,9.0,20.1529,8.0,8.0,6.5,3,94.5045,2
08_three_agent_dense,staged_w10_3to4_a3,0,True,6.58277,9.0,19.0956,8.0,8.0,6.5,3,95.2084,3
08_three_agent_dense,staged_w10_3to4_a3,0,True,5.97264,9.0,17.1817,8.0,8.0,6.5,3,89.8455,4
08_three_agent_dense,staged_w10_3to4_a3,0,True,6.28481,9.0,18.2742,8.0,8.0,6.5,3,92.4383,5
09_three_agent_diagonal,staged_w10_3to4_a3,0,True,11.8072,6.5,,,6.5,6.5,1,80.0123,1
09_three_agent_diagonal,staged_w10_3to4_a3,0,True,10.7157,6.5,,,6.5,6.5,1,81.0237,2
09_three_agent_diagonal,staged_w10_3to4_a3,0,True,10.7594,6.5,,,6.5,6.5,1,81.7198,3
09_three_agent_diagonal,staged_w10_3to4_a3,0,True,10.607,6.5,,,6.5,6.5,1,79.0837,4
09_three_agent_diagonal,staged_w10_3to4_a3,0,True,10.6925,6.5,,,6.5,6.5,1,81.045,5
10_three_agent_swap_and_exit,staged_w10_3to4_a3,0,True,14.6434,9.5,55.1273,9.0,9.5,7.0,3,104.448,1
10_three_agent_swap_and_exit,staged_w10_3to4_a3,0,True,16.3176,9.5,57.6341,9.0,9.5,7.0,3,103.435,2
10_three_agent_swap_and_exit,staged_w10_3to4_a3,0,True,16.0533,9.5,54.8495,9.0,9.5,7.0,3,103.784,3
10_three_agent_swap_and_exit,staged_w10_3to4_a3,0,True,13.9387,9.5,52.3504,9.0,9.5,7.0,3,104.556,4
10_three_agent_swap_and_exit,staged_w10_3to4_a3,0,True,14.7084,9.5,56.3317,9.0,9.5,7.0,3,103.484,5
11_three_agent_fast_cycle,staged_w10_3to4_a3,0,True,2.14506,7.0,3.58848,6.5,6.0,6.0,3,47.2327,1
11_three_agent_fast_cycle,staged_w10_3to4_a3,0,True,1.98413,7.0,3.33378,6.5,6.0,6.0,3,46.3014,2
11_three_agent_fast_cycle,staged_w10_3to4_a3,0,True,1.92119,7.0,3.25181,6.5,6.0,6.0,3,46.0226,3
11_three_agent_fast_cycle,staged_w10_3to4_a3,0,True,2.08916,7.0,3.5176,6.5,6.0,6.0,3,46.3875,4
11_three_agent_fast_cycle,staged_w10_3to4_a3,0,True,1.99713,7.0,3.3505,6.5,6.0,6.0,3,47.024,5
12_one_agent_left_dock,staged_w10_3to4_a3,0,True,0.1061,1.5,,,1.5,1.5,1,0.168584,1
12_one_agent_left_dock,staged_w10_3to4_a3,0,True,0.100759,1.5,,,1.5,1.5,1,0.158013,2
12_one_agent_left_dock,staged_w10_3to4_a3,0,True,0.095827,1.5,,,1.5,1.5,1,0.152211,3
12_one_agent_left_dock,staged_w10_3to4_a3,0,True,0.099158,1.5,,,1.5,1.5,1,0.160615,4
12_one_agent_left_dock,staged_w10_3to4_a3,0,True,0.112136,1.5,,,1.5,1.5,1,0.173449,5
13_one_agent_right_dock,staged_w10_3to4_a3,0,True,0.110511,1.5,,,1.5,1.5,1,0.223371,1
13_one_agent_right_dock,staged_w10_3to4_a3,0,True,0.099867,1.5,,,1.5,1.5,1,0.216471,2
13_one_agent_right_dock,staged_w10_3to4_a3,0,True,0.10244,1.5,,,1.5,1.5,1,0.219812,3
13_one_agent_right_dock,staged_w10_3to4_a3,0,True,0.114113,1.5,,,1.5,1.5,1,0.235772,4
13_one_agent_right_dock,staged_w10_3to4_a3,0,True,0.099429,1.5,,,1.5,1.5,1,0.220695,5
14_one_agent_bottom_reverse,staged_w10_3to4_a3,0,True,1.17555,3.5,,,3.5,3.5,1,2.35238,1
14_one_agent_bottom_reverse,staged_w10_3to4_a3,0,True,1.17231,3.5,,,3.5,3.5,1,2.22245,2
14_one_agent_bottom_reverse,staged_w10_3to4_a3,0,True,1.09657,3.5,,,3.5,3.5,1,2.18375,3
14_one_agent_bottom_reverse,staged_w10_3to4_a3,0,True,1.18519,3.5,,,3.5,3.5,1,2.36283,4
14_one_agent_bottom_reverse,staged_w10_3to4_a3,0,True,1.20525,3.5,,,3.5,3.5,1,2.36126,5
15_one_agent_top_transfer,staged_w10_3to4_a3,0,True,0.412331,2.0,,,2.0,2.0,1,0.813615,1
15_one_agent_top_transfer,staged_w10_3to4_a3,0,True,0.404583,2.0,,,2.0,2.0,1,0.792349,2
15_one_agent_top_transfer,staged_w10_3to4_a3,0,True,0.392008,2.0,,,2.0,2.0,1,0.797901,3
15_one_agent_top_transfer,staged_w10_3to4_a3,0,True,0.4046,2.0,,,2.0,2.0,1,0.786317,4
15_one_agent_top_transfer,staged_w10_3to4_a3,0,True,0.439686,2.0,,,2.0,2.0,1,0.841039,5
16_one_agent_diagonal_goal,staged_w10_3to4_a3,0,True,9.77002,8.5,,,8.5,8.5,1,10.6341,1
16_one_agent_diagonal_goal,staged_w10_3to4_a3,0,True,8.89517,8.5,,,8.5,8.5,1,9.77283,2
16_one_agent_diagonal_goal,staged_w10_3to4_a3,0,True,8.8391,8.5,,,8.5,8.5,1,9.71078,3
16_one_agent_diagonal_goal,staged_w10_3to4_a3,0,True,8.38499,8.5,,,8.5,8.5,1,9.10228,4
16_one_agent_diagonal_goal,staged_w10_3to4_a3,0,True,9.17489,8.5,,,8.5,8.5,1,9.92767,5
17_one_agent_diagonal_shift,staged_w10_3to4_a3,0,True,0.306698,3.5,,,3.5,3.5,1,1.24098,1
17_one_agent_diagonal_shift,staged_w10_3to4_a3,0,True,0.333567,3.5,,,3.5,3.5,1,1.36261,2
17_one_agent_diagonal_shift,staged_w10_3to4_a3,0,True,0.380302,3.5,,,3.5,3.5,1,1.30761,3
17_one_agent_diagonal_shift,staged_w10_3to4_a3,0,True,0.300723,3.5,,,3.5,3.5,1,1.23763,4
17_one_agent_diagonal_shift,staged_w10_3to4_a3,0,True,0.324259,3.5,,,3.5,3.5,1,1.2992,5
18_one_agent_top_lane,staged_w10_3to4_a3,0,True,0.59246,4.0,,,4.0,4.0,1,3.18875,1
18_one_agent_top_lane,staged_w10_3to4_a3,0,True,0.581999,4.0,,,4.0,4.0,1,3.17611,2
18_one_agent_top_lane,staged_w10_3to4_a3,0,True,0.57539,4.0,,,4.0,4.0,1,3.14655,3
18_one_agent_top_lane,staged_w10_3to4_a3,0,True,0.588704,4.0,,,4.0,4.0,1,3.14321,4
18_one_agent_top_lane,staged_w10_3to4_a3,0,True,0.563932,4.0,,,4.0,4.0,1,3.1075,5
19_two_agent_diverge,staged_w10_3to4_a3,0,True,0.423846,4.5,1.73981,4.0,4.0,4.0,2,6.29067,1
19_two_agent_diverge,staged_w10_3to4_a3,0,True,0.457929,4.5,1.81553,4.0,4.0,4.0,2,6.45278,2
19_two_agent_diverge,staged_w10_3to4_a3,0,True,0.430483,4.5,1.7425,4.0,4.0,4.0,2,6.17639,3
19_two_agent_diverge,staged_w10_3to4_a3,0,True,0.467903,4.5,1.84037,4.0,4.0,4.0,2,6.63159,4
19_two_agent_diverge,staged_w10_3to4_a3,0,True,0.447577,4.5,1.77662,4.0,4.0,4.0,2,6.37808,5
20_two_agent_center_exchange,staged_w10_3to4_a3,0,True,0.935247,2.5,1.90222,2.0,2.0,2.0,2,1.92688,1
20_two_agent_center_exchange,staged_w10_3to4_a3,0,True,0.912555,2.5,1.86672,2.0,2.0,2.0,2,1.89121,2
20_two_agent_center_exchange,staged_w10_3to4_a3,0,True,0.974487,2.5,1.95921,2.0,2.0,2.0,2,1.98441,3
20_two_agent_center_exchange,staged_w10_3to4_a3,0,True,1.04285,2.5,2.06041,2.0,2.0,2.0,2,2.08663,4
20_two_agent_center_exchange,staged_w10_3to4_a3,0,True,0.906824,2.5,1.84963,2.0,2.0,2.0,2,1.8735,5
21_two_agent_long_relocation,staged_w10_3to4_a3,0,True,0.38997,3.0,,,3.0,3.0,1,2.65311,1
21_two_agent_long_relocation,staged_w10_3to4_a3,0,True,0.405293,3.0,,,3.0,3.0,1,2.74624,2
21_two_agent_long_relocation,staged_w10_3to4_a3,0,True,0.393105,3.0,,,3.0,3.0,1,2.63101,3
21_two_agent_long_relocation,staged_w10_3to4_a3,0,True,0.432167,3.0,,,3.0,3.0,1,2.6469,4
21_two_agent_long_relocation,staged_w10_3to4_a3,0,True,0.391718,3.0,,,3.0,3.0,1,2.6193,5
22_two_agent_vertical_top,staged_w10_3to4_a3,0,True,0.496016,5.0,1.72914,4.5,4.5,4.5,2,5.37796,1
22_two_agent_vertical_top,staged_w10_3to4_a3,0,True,0.501771,5.0,1.76698,4.5,4.5,4.5,2,5.44879,2
22_two_agent_vertical_top,staged_w10_3to4_a3,0,True,0.459596,5.0,1.60192,4.5,4.5,4.5,2,5.04533,3
22_two_agent_vertical_top,staged_w10_3to4_a3,0,True,0.508488,5.0,1.66215,4.5,4.5,4.5,2,5.44346,4
22_two_agent_vertical_top,staged_w10_3to4_a3,0,True,0.489254,5.0,1.69703,4.5,4.5,4.5,2,6.48702,5
23_two_agent_top_to_center,staged_w10_3to4_a3,0,True,3.19717,10.0,9.42972,9.0,8.0,8.0,3,103.533,1
23_two_agent_top_to_center,staged_w10_3to4_a3,0,True,3.332,10.0,11.5169,9.0,8.0,8.0,3,103.65,2
23_two_agent_top_to_center,staged_w10_3to4_a3,0,True,3.313,10.0,11.3604,9.0,8.0,8.0,3,103.117,3
23_two_agent_top_to_center,staged_w10_3to4_a3,0,True,3.37175,10.0,9.83917,9.0,8.0,8.0,3,103.106,4
23_two_agent_top_to_center,staged_w10_3to4_a3,0,True,2.94486,10.0,8.60224,9.0,8.0,8.0,3,103.822,5
24_two_agent_top_swap,staged_w10_3to4_a3,0,True,0.602273,4.0,,,4.0,4.0,1,2.49103,1
24_two_agent_top_swap,staged_w10_3to4_a3,0,True,0.58411,4.0,,,4.0,4.0,1,2.44452,2
24_two_agent_top_swap,staged_w10_3to4_a3,0,True,0.577104,4.0,,,4.0,4.0,1,2.3836,3
24_two_agent_top_swap,staged_w10_3to4_a3,0,True,0.562948,4.0,,,4.0,4.0,1,2.36357,4
24_two_agent_top_swap,staged_w10_3to4_a3,0,True,0.564359,4.0,,,4.0,4.0,1,2.38239,5
25_two_agent_cross_lane,staged_w10_3to4_a3,0,True,0.323964,3.0,,,3.0,3.0,1,1.68218,1
25_two_agent_cross_lane,staged_w10_3to4_a3,0,True,0.317893,3.0,,,3.0,3.0,1,1.84988,2
25_two_agent_cross_lane,staged_w10_3to4_a3,0,True,0.283726,3.0,,,3.0,3.0,1,1.50886,3
25_two_agent_cross_lane,staged_w10_3to4_a3,0,True,0.27952,3.0,,,3.0,3.0,1,1.4996,4
25_two_agent_cross_lane,staged_w10_3to4_a3,0,True,0.290675,3.0,,,3.0,3.0,1,1.50764,5
26_three_agent_corner_relay,staged_w10_3to4_a3,0,True,11.8979,9.5,24.585,8.5,8.5,8.5,2,28.1776,1
26_three_agent_corner_relay,staged_w10_3to4_a3,0,True,12.2161,9.5,25.1709,8.5,8.5,8.5,2,27.2669,2
26_three_agent_corner_relay,staged_w10_3to4_a3,0,True,12.2938,9.5,26.5324,8.5,8.5,8.5,2,28.6193,3
26_three_agent_corner_relay,staged_w10_3to4_a3,0,True,12.3681,9.5,24.9835,8.5,8.5,8.5,2,27.1837,4
26_three_agent_corner_relay,staged_w10_3to4_a3,0,True,12.8568,9.5,25.5796,8.5,8.5,8.5,2,27.7439,5
27_three_agent_compact_cycle,staged_w10_3to4_a3,0,True,0.885895,6.0,,,6.0,6.0,1,27.8561,1
27_three_agent_compact_cycle,staged_w10_3to4_a3,0,True,0.905198,6.0,,,6.0,6.0,1,28.8053,2
27_three_agent_compact_cycle,staged_w10_3to4_a3,0,True,0.887304,6.0,,,6.0,6.0,1,28.6792,3
27_three_agent_compact_cycle,staged_w10_3to4_a3,0,True,0.849013,6.0,,,6.0,6.0,1,25.9788,4
27_three_agent_compact_cycle,staged_w10_3to4_a3,0,True,0.89748,6.0,,,6.0,6.0,1,29.4099,5
28_three_agent_center_swap,staged_w10_3to4_a3,0,True,4.2069,8.0,83.7425,7.5,8.0,7.5,2,104.178,1
28_three_agent_center_swap,staged_w10_3to4_a3,0,True,4.94792,8.0,88.1801,7.5,8.0,7.5,2,104.426,2
28_three_agent_center_swap,staged_w10_3to4_a3,0,True,5.45506,8.0,,,8.0,8.0,1,103.814,3
28_three_agent_center_swap,staged_w10_3to4_a3,0,True,5.02412,8.0,93.4382,7.5,8.0,7.5,2,103.832,4
28_three_agent_center_swap,staged_w10_3to4_a3,0,True,5.57369,8.0,93.7878,7.5,8.0,7.5,2,104.006,5
29_three_agent_lane_mix,staged_w10_3to4_a3,0,True,1.04796,5.0,4.38938,4.5,4.5,4.5,2,5.95193,1
29_three_agent_lane_mix,staged_w10_3to4_a3,0,True,1.05415,5.0,4.40838,4.5,4.5,4.5,2,5.98314,2
29_three_agent_lane_mix,staged_w10_3to4_a3,0,True,1.04143,5.0,4.38583,4.5,4.5,4.5,2,5.94467,3
29_three_agent_lane_mix,staged_w10_3to4_a3,0,True,1.05285,5.0,4.50257,4.5,4.5,4.5,2,6.22462,4
29_three_agent_lane_mix,staged_w10_3to4_a3,0,True,1.01579,5.0,4.28641,4.5,4.5,4.5,2,6.03917,5
30_three_agent_corner_cycle,staged_w10_3to4_a3,0,True,1.02272,5.5,15.6146,5.0,5.0,5.0,2,16.7622,1
30_three_agent_corner_cycle,staged_w10_3to4_a3,0,True,1.18207,5.5,15.9536,5.0,5.0,5.0,2,17.1812,2
30_three_agent_corner_cycle,staged_w10_3to4_a3,0,True,1.00494,5.5,15.8122,5.0,5.0,5.0,2,17.0379,3
30_three_agent_corner_cycle,staged_w10_3to4_a3,0,True,1.09154,5.5,16.0071,5.0,5.0,5.0,2,17.1028,4
30_three_agent_corner_cycle,staged_w10_3to4_a3,0,True,0.983486,5.5,15.319,5.0,5.0,5.0,2,16.4032,5
01_one_agent_cross_workspace,staged_w5_3to8_a3,0,True,17.2174,6.5,,,6.5,6.5,1,101.324,1
01_one_agent_cross_workspace,staged_w5_3to8_a3,0,True,17.1124,6.5,,,6.5,6.5,1,101.52,2
01_one_agent_cross_workspace,staged_w5_3to8_a3,0,True,16.269,6.5,,,6.5,6.5,1,101.563,3
01_one_agent_cross_workspace,staged_w5_3to8_a3,0,True,16.3323,6.5,,,6.5,6.5,1,101.326,4
01_one_agent_cross_workspace,staged_w5_3to8_a3,0,True,16.4164,6.5,,,6.5,6.5,1,101.609,5
02_one_agent_short_turn,staged_w5_3to8_a3,0,True,0.162659,4.0,,,4.0,4.0,1,51.8333,1
02_one_agent_short_turn,staged_w5_3to8_a3,0,True,0.179609,4.0,,,4.0,4.0,1,51.7435,2
02_one_agent_short_turn,staged_w5_3to8_a3,0,True,0.174574,4.0,,,4.0,4.0,1,52.1348,3
02_one_agent_short_turn,staged_w5_3to8_a3,0,True,0.158357,4.0,,,4.0,4.0,1,51.5707,4
02_one_agent_short_turn,staged_w5_3to8_a3,0,True,0.162234,4.0,,,4.0,4.0,1,51.3125,5
03_one_agent_top_reorient,staged_w5_3to8_a3,0,True,0.535469,3.5,,,3.5,3.5,1,20.7465,1
03_one_agent_top_reorient,staged_w5_3to8_a3,0,True,0.497958,3.5,,,3.5,3.5,1,20.3418,2
03_one_agent_top_reorient,staged_w5_3to8_a3,0,True,0.522332,3.5,,,3.5,3.5,1,21.7044,3
03_one_agent_top_reorient,staged_w5_3to8_a3,0,True,0.532817,3.5,,,3.5,3.5,1,21.8307,4
03_one_agent_top_reorient,staged_w5_3to8_a3,0,True,0.519826,3.5,,,3.5,3.5,1,21.7116,5
04_two_agent_relocation,staged_w5_3to8_a3,0,True,0.454938,4.5,2.42337,4.0,3.5,3.5,3,13.9628,1
04_two_agent_relocation,staged_w5_3to8_a3,0,True,0.464393,4.5,2.44411,4.0,3.5,3.5,3,14.1255,2
04_two_agent_relocation,staged_w5_3to8_a3,0,True,0.46529,4.5,2.41798,4.0,3.5,3.5,3,14.3343,3
04_two_agent_relocation,staged_w5_3to8_a3,0,True,0.467368,4.5,3.28707,4.0,3.5,3.5,3,14.8374,4
04_two_agent_relocation,staged_w5_3to8_a3,0,True,0.444352,4.5,2.37939,4.0,3.5,3.5,3,13.7025,5
05_two_agent_crossing,staged_w5_3to8_a3,0,True,4.73002,9.5,28.4484,8.0,8.0,8.0,2,103.735,1
05_two_agent_crossing,staged_w5_3to8_a3,0,True,4.89144,9.5,28.5173,8.0,8.0,8.0,2,103.609,2
05_two_agent_crossing,staged_w5_3to8_a3,0,True,5.07924,9.5,31.0268,8.0,8.0,8.0,2,103.665,3
05_two_agent_crossing,staged_w5_3to8_a3,0,True,5.02067,9.5,28.3177,8.0,8.0,8.0,2,103.946,4
05_two_agent_crossing,staged_w5_3to8_a3,0,True,4.61626,9.5,29.297,8.0,8.0,8.0,2,103.768,5
06_two_agent_diagonal,staged_w5_3to8_a3,0,True,2.78523,6.0,27.8742,5.5,5.5,5.0,3,103.209,1
06_two_agent_diagonal,staged_w5_3to8_a3,0,True,3.16646,6.0,32.2838,5.5,5.5,5.0,3,102.661,2
06_two_agent_diagonal,staged_w5_3to8_a3,0,True,2.82124,6.0,28.1111,5.5,5.5,5.0,3,101.346,3
06_two_agent_diagonal,staged_w5_3to8_a3,0,True,2.80821,6.0,27.9779,5.5,5.5,5.0,3,101.162,4
06_two_agent_diagonal,staged_w5_3to8_a3,0,True,3.18879,6.0,27.8218,5.5,5.5,5.0,3,101.377,5
07_three_agent_relay,staged_w5_3to8_a3,0,True,2.20283,7.0,26.9159,6.5,6.5,6.5,2,102.615,1
07_three_agent_relay,staged_w5_3to8_a3,0,True,1.58953,7.0,24.8687,6.5,6.5,6.5,2,102.954,2
07_three_agent_relay,staged_w5_3to8_a3,0,True,1.49273,7.0,24.7619,6.5,6.5,6.5,2,102.735,3
07_three_agent_relay,staged_w5_3to8_a3,0,True,1.52396,7.0,25.8393,6.5,6.5,6.5,2,103.204,4
07_three_agent_relay,staged_w5_3to8_a3,0,True,1.56479,7.0,26.1301,6.5,6.5,6.5,2,102.784,5
08_three_agent_dense,staged_w5_3to8_a3,0,True,4.75249,9.0,,,9.0,9.0,1,102.085,1
08_three_agent_dense,staged_w5_3to8_a3,0,True,7.34589,9.0,,,9.0,9.0,1,102.327,2
08_three_agent_dense,staged_w5_3to8_a3,0,True,4.29201,9.0,,,9.0,9.0,1,102.575,3
08_three_agent_dense,staged_w5_3to8_a3,0,True,4.49165,9.0,,,9.0,9.0,1,102.282,4
08_three_agent_dense,staged_w5_3to8_a3,0,True,4.69183,9.0,,,9.0,9.0,1,102.174,5
09_three_agent_diagonal,staged_w5_3to8_a3,0,True,11.0408,6.5,,,6.5,6.5,1,103.696,1
09_three_agent_diagonal,staged_w5_3to8_a3,0,True,9.58915,6.5,,,6.5,6.5,1,103.872,2
09_three_agent_diagonal,staged_w5_3to8_a3,0,True,9.64478,6.5,,,6.5,6.5,1,104.323,3
09_three_agent_diagonal,staged_w5_3to8_a3,0,True,10.709,6.5,,,6.5,6.5,1,103.499,4
09_three_agent_diagonal,staged_w5_3to8_a3,0,True,11.1332,6.5,,,6.5,6.5,1,103.705,5
10_three_agent_swap_and_exit,staged_w5_3to8_a3,0,True,12.3075,7.5,,,7.5,7.5,1,102.642,1
10_three_agent_swap_and_exit,staged_w5_3to8_a3,0,True,12.5411,7.5,,,7.5,7.5,1,102.794,2
10_three_agent_swap_and_exit,staged_w5_3to8_a3,0,True,12.8632,7.5,,,7.5,7.5,1,102.703,3
10_three_agent_swap_and_exit,staged_w5_3to8_a3,0,True,13.5454,7.5,,,7.5,7.5,1,102.046,4
10_three_agent_swap_and_exit,staged_w5_3to8_a3,0,True,12.5093,7.5,,,7.5,7.5,1,102.936,5
11_three_agent_fast_cycle,staged_w5_3to8_a3,0,True,1.90562,7.0,4.01805,6.0,6.0,6.0,2,102.607,1
11_three_agent_fast_cycle,staged_w5_3to8_a3,0,True,1.94253,7.0,4.09501,6.0,6.0,6.0,2,102.545,2
11_three_agent_fast_cycle,staged_w5_3to8_a3,0,True,2.06175,7.0,4.35908,6.0,6.0,6.0,2,102.716,3
11_three_agent_fast_cycle,staged_w5_3to8_a3,0,True,2.00438,7.0,4.20405,6.0,6.0,6.0,2,102.667,4
11_three_agent_fast_cycle,staged_w5_3to8_a3,0,True,2.07664,7.0,4.44251,6.0,6.0,6.0,2,102.544,5
12_one_agent_left_dock,staged_w5_3to8_a3,0,True,0.088301,1.5,,,1.5,1.5,1,0.256209,1
12_one_agent_left_dock,staged_w5_3to8_a3,0,True,0.106244,1.5,,,1.5,1.5,1,0.315455,2
12_one_agent_left_dock,staged_w5_3to8_a3,0,True,0.082783,1.5,,,1.5,1.5,1,0.265646,3
12_one_agent_left_dock,staged_w5_3to8_a3,0,True,0.086111,1.5,,,1.5,1.5,1,0.244843,4
12_one_agent_left_dock,staged_w5_3to8_a3,0,True,0.09448,1.5,,,1.5,1.5,1,0.262286,5
13_one_agent_right_dock,staged_w5_3to8_a3,0,True,0.110073,1.5,,,1.5,1.5,1,0.551561,1
13_one_agent_right_dock,staged_w5_3to8_a3,0,True,0.115947,1.5,,,1.5,1.5,1,0.566099,2
13_one_agent_right_dock,staged_w5_3to8_a3,0,True,0.093214,1.5,,,1.5,1.5,1,0.502089,3
13_one_agent_right_dock,staged_w5_3to8_a3,0,True,0.095861,1.5,,,1.5,1.5,1,0.501026,4
13_one_agent_right_dock,staged_w5_3to8_a3,0,True,0.099778,1.5,,,1.5,1.5,1,0.550216,5
14_one_agent_bottom_reverse,staged_w5_3to8_a3,0,True,1.06085,3.5,,,3.5,3.5,1,5.91605,1
14_one_agent_bottom_reverse,staged_w5_3to8_a3,0,True,1.06782,3.5,,,3.5,3.5,1,5.73524,2
14_one_agent_bottom_reverse,staged_w5_3to8_a3,0,True,1.14062,3.5,,,3.5,3.5,1,5.74359,3
14_one_agent_bottom_reverse,staged_w5_3to8_a3,0,True,1.08644,3.5,,,3.5,3.5,1,5.76899,4
14_one_agent_bottom_reverse,staged_w5_3to8_a3,0,True,1.12457,3.5,,,3.5,3.5,1,6.17129,5
15_one_agent_top_transfer,staged_w5_3to8_a3,0,True,0.412383,2.0,,,2.0,2.0,1,2.58613,1
15_one_agent_top_transfer,staged_w5_3to8_a3,0,True,0.386832,2.0,,,2.0,2.0,1,2.28155,2
15_one_agent_top_transfer,staged_w5_3to8_a3,0,True,0.380919,2.0,,,2.0,2.0,1,2.29263,3
15_one_agent_top_transfer,staged_w5_3to8_a3,0,True,0.376375,2.0,,,2.0,2.0,1,2.35241,4
15_one_agent_top_transfer,staged_w5_3to8_a3,0,True,0.38068,2.0,,,2.0,2.0,1,2.34683,5
16_one_agent_diagonal_goal,staged_w5_3to8_a3,0,True,45.0438,5.5,,,5.5,5.5,1,50.7852,1
16_one_agent_diagonal_goal,staged_w5_3to8_a3,0,True,40.7356,5.5,,,5.5,5.5,1,46.8795,2
16_one_agent_diagonal_goal,staged_w5_3to8_a3,0,True,44.9657,5.5,,,5.5,5.5,1,50.5543,3
16_one_agent_diagonal_goal,staged_w5_3to8_a3,0,True,40.8391,5.5,,,5.5,5.5,1,46.564,4
16_one_agent_diagonal_goal,staged_w5_3to8_a3,0,True,46.2194,5.5,,,5.5,5.5,1,52.3348,5
17_one_agent_diagonal_shift,staged_w5_3to8_a3,0,True,0.486336,3.5,,,3.5,3.5,1,7.9189,1
17_one_agent_diagonal_shift,staged_w5_3to8_a3,0,True,0.328915,3.5,,,3.5,3.5,1,6.2315,2
17_one_agent_diagonal_shift,staged_w5_3to8_a3,0,True,0.311391,3.5,,,3.5,3.5,1,6.12155,3
17_one_agent_diagonal_shift,staged_w5_3to8_a3,0,True,0.292846,3.5,,,3.5,3.5,1,5.796,4
17_one_agent_diagonal_shift,staged_w5_3to8_a3,0,True,0.287106,3.5,,,3.5,3.5,1,5.50857,5
18_one_agent_top_lane,staged_w5_3to8_a3,0,True,0.531685,4.0,,,4.0,4.0,1,36.3949,1
18_one_agent_top_lane,staged_w5_3to8_a3,0,True,0.542991,4.0,,,4.0,4.0,1,33.7448,2
18_one_agent_top_lane,staged_w5_3to8_a3,0,True,0.552776,4.0,,,4.0,4.0,1,36.7511,3
18_one_agent_top_lane,staged_w5_3to8_a3,0,True,0.565226,4.0,,,4.0,4.0,1,37.8241,4
18_one_agent_top_lane,staged_w5_3to8_a3,0,True,0.538921,4.0,,,4.0,4.0,1,34.0679,5
19_two_agent_diverge,staged_w5_3to8_a3,0,True,0.455383,4.5,2.46528,4.0,3.5,3.5,3,14.2146,1
19_two_agent_diverge,staged_w5_3to8_a3,0,True,0.416099,4.5,2.26028,4.0,3.5,3.5,3,13.6014,2
19_two_agent_diverge,staged_w5_3to8_a3,0,True,0.47807,4.5,2.45191,4.0,3.5,3.5,3,14.1032,3
19_two_agent_diverge,staged_w5_3to8_a3,0,True,0.456047,4.5,2.40207,4.0,3.5,3.5,3,13.5013,4
19_two_agent_diverge,staged_w5_3to8_a3,0,True,0.430855,4.5,2.35744,4.0,3.5,3.5,3,13.227,5
20_two_agent_center_exchange,staged_w5_3to8_a3,0,True,0.946648,2.5,3.32052,2.0,2.0,2.0,2,3.37483,1
20_two_agent_center_exchange,staged_w5_3to8_a3,0,True,0.870902,2.5,2.86398,2.0,2.0,2.0,2,2.90931,2
20_two_agent_center_exchange,staged_w5_3to8_a3,0,True,0.937958,2.5,3.16619,2.0,2.0,2.0,2,3.21671,3
20_two_agent_center_exchange,staged_w5_3to8_a3,0,True,0.978785,2.5,3.25081,2.0,2.0,2.0,2,3.30258,4
20_two_agent_center_exchange,staged_w5_3to8_a3,0,True,0.955732,2.5,3.22189,2.0,2.0,2.0,2,3.27289,5
21_two_agent_long_relocation,staged_w5_3to8_a3,0,True,0.367313,3.0,5.7022,2.5,2.5,2.5,2,8.27316,1
21_two_agent_long_relocation,staged_w5_3to8_a3,0,True,0.363228,3.0,5.4028,2.5,2.5,2.5,2,7.9886,2
21_two_agent_long_relocation,staged_w5_3to8_a3,0,True,0.364411,3.0,5.61992,2.5,2.5,2.5,2,8.18146,3
21_two_agent_long_relocation,staged_w5_3to8_a3,0,True,0.368846,3.0,5.63309,2.5,2.5,2.5,2,8.27728,4
21_two_agent_long_relocation,staged_w5_3to8_a3,0,True,0.383242,3.0,6.32532,2.5,2.5,2.5,2,8.94278,5
22_two_agent_vertical_top,staged_w5_3to8_a3,0,True,0.46921,5.0,7.67939,4.0,4.0,4.0,2,19.0955,1
22_two_agent_vertical_top,staged_w5_3to8_a3,0,True,0.467106,5.0,7.1731,4.0,4.0,4.0,2,17.7718,2
22_two_agent_vertical_top,staged_w5_3to8_a3,0,True,0.454811,5.0,7.67195,4.0,4.0,4.0,2,19.0809,3
22_two_agent_vertical_top,staged_w5_3to8_a3,0,True,0.489484,5.0,8.03641,4.0,4.0,4.0,2,19.7195,4
22_two_agent_vertical_top,staged_w5_3to8_a3,0,True,0.44501,5.0,7.703,4.0,4.0,4.0,2,19.1876,5
23_two_agent_top_to_center,staged_w5_3to8_a3,0,True,4.10186,10.0,,,10.0,10.0,1,102.484,1
23_two_agent_top_to_center,staged_w5_3to8_a3,0,True,3.94624,10.0,,,10.0,10.0,1,103.072,2
23_two_agent_top_to_center,staged_w5_3to8_a3,0,True,3.66693,10.0,,,10.0,10.0,1,102.636,3
23_two_agent_top_to_center,staged_w5_3to8_a3,0,True,3.87949,10.0,,,10.0,10.0,1,102.994,4
23_two_agent_top_to_center,staged_w5_3to8_a3,0,True,4.20437,10.0,,,10.0,10.0,1,102.937,5
24_two_agent_top_swap,staged_w5_3to8_a3,0,True,0.555273,4.0,1.54847,3.5,3.5,3.5,2,8.58617,1
24_two_agent_top_swap,staged_w5_3to8_a3,0,True,0.579923,4.0,1.57365,3.5,3.5,3.5,2,8.69029,2
24_two_agent_top_swap,staged_w5_3to8_a3,0,True,0.599921,4.0,1.58487,3.5,3.5,3.5,2,8.98589,3
24_two_agent_top_swap,staged_w5_3to8_a3,0,True,0.637284,4.0,1.71713,3.5,3.5,3.5,2,9.60159,4
24_two_agent_top_swap,staged_w5_3to8_a3,0,True,0.57563,4.0,1.55417,3.5,3.5,3.5,2,8.58557,5
25_two_agent_cross_lane,staged_w5_3to8_a3,0,True,0.305826,3.0,,,3.0,3.0,1,6.84421,1
25_two_agent_cross_lane,staged_w5_3to8_a3,0,True,0.308905,3.0,,,3.0,3.0,1,7.01332,2
25_two_agent_cross_lane,staged_w5_3to8_a3,0,True,0.310668,3.0,,,3.0,3.0,1,8.3652,3
25_two_agent_cross_lane,staged_w5_3to8_a3,0,True,0.304727,3.0,,,3.0,3.0,1,6.86709,4
25_two_agent_cross_lane,staged_w5_3to8_a3,0,True,0.294614,3.0,,,3.0,3.0,1,6.25259,5
26_three_agent_corner_relay,staged_w5_3to8_a3,0,True,73.1281,9.5,,,,9.5,1,102.945,1
26_three_agent_corner_relay,staged_w5_3to8_a3,0,True,73.4815,9.5,,,,9.5,1,102.954,2
26_three_agent_corner_relay,staged_w5_3to8_a3,0,True,74.457,9.5,,,,9.5,1,102.831,3
26_three_agent_corner_relay,staged_w5_3to8_a3,0,True,73.0635,9.5,,,,9.5,1,103.311,4
26_three_agent_corner_relay,staged_w5_3to8_a3,0,True,72.0266,9.5,,,,9.5,1,103.443,5
27_three_agent_compact_cycle,staged_w5_3to8_a3,0,True,0.829063,6.0,,,6.0,6.0,1,103.419,1
27_three_agent_compact_cycle,staged_w5_3to8_a3,0,True,0.878159,6.0,,,6.0,6.0,1,103.404,2
27_three_agent_compact_cycle,staged_w5_3to8_a3,0,True,0.945983,6.0,,,6.0,6.0,1,103.324,3
27_three_agent_compact_cycle,staged_w5_3to8_a3,0,True,0.882738,6.0,,,6.0,6.0,1,102.958,4
27_three_agent_compact_cycle,staged_w5_3to8_a3,0,True,0.920384,6.0,,,6.0,6.0,1,103.097,5
28_three_agent_center_swap,staged_w5_3to8_a3,0,True,3.79054,8.0,,,8.0,8.0,1,102.883,1
28_three_agent_center_swap,staged_w5_3to8_a3,0,True,3.83749,8.0,,,8.0,8.0,1,106.117,2
28_three_agent_center_swap,staged_w5_3to8_a3,0,True,3.76731,8.0,,,8.0,8.0,1,102.166,3
28_three_agent_center_swap,staged_w5_3to8_a3,0,True,3.80076,8.0,,,8.0,8.0,1,102.752,4
28_three_agent_center_swap,staged_w5_3to8_a3,0,True,4.05518,8.0,,,8.0,8.0,1,102.396,5
29_three_agent_lane_mix,staged_w5_3to8_a3,0,True,0.897157,5.0,20.5831,4.5,4.5,4.5,2,33.0458,1
29_three_agent_lane_mix,staged_w5_3to8_a3,0,True,0.968434,5.0,22.7485,4.5,4.5,4.5,2,36.6216,2
29_three_agent_lane_mix,staged_w5_3to8_a3,0,True,0.930853,5.0,22.602,4.5,4.5,4.5,2,36.8274,3
29_three_agent_lane_mix,staged_w5_3to8_a3,0,True,1.02033,5.0,23.1779,4.5,4.5,4.5,2,37.047,4
29_three_agent_lane_mix,staged_w5_3to8_a3,0,True,0.945747,5.0,22.137,4.5,4.5,4.5,2,35.0061,5
30_three_agent_corner_cycle,staged_w5_3to8_a3,0,True,0.820811,5.5,,,5.5,5.5,1,105.163,1
30_three_agent_corner_cycle,staged_w5_3to8_a3,0,True,0.829662,5.5,,,5.5,5.5,1,105.084,2
30_three_agent_corner_cycle,staged_w5_3to8_a3,0,True,0.960498,5.5,,,5.5,5.5,1,104.93,3
30_three_agent_corner_cycle,staged_w5_3to8_a3,0,True,0.850232,5.5,,,5.5,5.5,1,104.809,4
30_three_agent_corner_cycle,staged_w5_3to8_a3,0,True,0.932791,5.5,,,5.5,5.5,1,104.959,5
01_one_agent_cross_workspace,staged_w10_3to8_a3,0,True,14.793,6.5,,,6.5,6.5,1,101.695,1
01_one_agent_cross_workspace,staged_w10_3to8_a3,0,True,16.3041,6.5,,,6.5,6.5,1,101.741,2
01_one_agent_cross_workspace,staged_w10_3to8_a3,0,True,14.8101,6.5,,,6.5,6.5,1,101.392,3
01_one_agent_cross_workspace,staged_w10_3to8_a3,0,True,14.9822,6.5,,,6.5,6.5,1,102.06,4
01_one_agent_cross_workspace,staged_w10_3to8_a3,0,True,16.7801,6.5,,,6.5,6.5,1,101.395,5
02_one_agent_short_turn,staged_w10_3to8_a3,0,True,0.202687,4.0,,,4.0,4.0,1,47.4474,1
02_one_agent_short_turn,staged_w10_3to8_a3,0,True,0.162583,4.0,,,4.0,4.0,1,47.7549,2
02_one_agent_short_turn,staged_w10_3to8_a3,0,True,0.152098,4.0,,,4.0,4.0,1,47.0235,3
02_one_agent_short_turn,staged_w10_3to8_a3,0,True,0.16605,4.0,,,4.0,4.0,1,48.1547,4
02_one_agent_short_turn,staged_w10_3to8_a3,0,True,0.166538,4.0,,,4.0,4.0,1,52.14,5
03_one_agent_top_reorient,staged_w10_3to8_a3,0,True,0.539672,3.5,,,3.5,3.5,1,22.1426,1
03_one_agent_top_reorient,staged_w10_3to8_a3,0,True,0.482952,3.5,,,3.5,3.5,1,19.103,2
03_one_agent_top_reorient,staged_w10_3to8_a3,0,True,0.476951,3.5,,,3.5,3.5,1,19.3168,3
03_one_agent_top_reorient,staged_w10_3to8_a3,0,True,0.496743,3.5,,,3.5,3.5,1,21.094,4
03_one_agent_top_reorient,staged_w10_3to8_a3,0,True,0.538424,3.5,,,3.5,3.5,1,21.6641,5
04_two_agent_relocation,staged_w10_3to8_a3,0,True,0.459122,4.5,2.4674,4.0,3.5,3.5,3,14.1028,1
04_two_agent_relocation,staged_w10_3to8_a3,0,True,0.408416,4.5,2.16582,4.0,3.5,3.5,3,12.3628,2
04_two_agent_relocation,staged_w10_3to8_a3,0,True,0.444012,4.5,4.28401,4.0,3.5,3.5,3,15.4249,3
04_two_agent_relocation,staged_w10_3to8_a3,0,True,0.444561,4.5,2.46436,4.0,3.5,3.5,3,15.6764,4
04_two_agent_relocation,staged_w10_3to8_a3,0,True,0.438171,4.5,2.34837,4.0,3.5,3.5,3,13.9473,5
05_two_agent_crossing,staged_w10_3to8_a3,0,True,3.66646,9.5,24.9686,8.0,8.0,8.0,2,103.608,1
05_two_agent_crossing,staged_w10_3to8_a3,0,True,4.10404,9.5,28.2321,8.0,8.0,8.0,2,102.985,2
05_two_agent_crossing,staged_w10_3to8_a3,0,True,4.11949,9.5,28.8692,8.0,8.0,8.0,2,103.577,3
05_two_agent_crossing,staged_w10_3to8_a3,0,True,4.07563,9.5,27.7171,8.0,8.0,8.0,2,104.657,4
05_two_agent_crossing,staged_w10_3to8_a3,0,True,4.15928,9.5,25.8339,8.0,8.0,8.0,2,103.862,5
06_two_agent_diagonal,staged_w10_3to8_a3,0,True,2.58574,6.0,25.4685,5.5,5.5,5.0,3,93.6137,1
06_two_agent_diagonal,staged_w10_3to8_a3,0,True,2.79996,6.0,28.3031,5.5,5.5,5.0,3,102.463,2
06_two_agent_diagonal,staged_w10_3to8_a3,0,True,2.59985,6.0,25.4733,5.5,5.5,5.0,3,93.35,3
06_two_agent_diagonal,staged_w10_3to8_a3,0,True,2.70704,6.0,29.0411,5.5,5.5,5.0,3,102.463,4
06_two_agent_diagonal,staged_w10_3to8_a3,0,True,2.71204,6.0,28.729,5.5,5.5,5.0,3,102.898,5
07_three_agent_relay,staged_w10_3to8_a3,0,True,1.57827,7.0,36.0537,6.5,6.5,6.5,2,102.588,1
07_three_agent_relay,staged_w10_3to8_a3,0,True,1.40053,7.0,31.3018,6.5,6.5,6.5,2,102.883,2
07_three_agent_relay,staged_w10_3to8_a3,0,True,1.57512,7.0,35.1339,6.5,6.5,6.5,2,102.89,3
07_three_agent_relay,staged_w10_3to8_a3,0,True,1.49205,7.0,32.2494,6.5,6.5,6.5,2,103.437,4
07_three_agent_relay,staged_w10_3to8_a3,0,True,1.44458,7.0,32.5569,6.5,6.5,6.5,2,102.965,5
08_three_agent_dense,staged_w10_3to8_a3,0,True,5.85288,9.0,,,9.0,9.0,1,102.092,1
08_three_agent_dense,staged_w10_3to8_a3,0,True,5.81556,9.0,,,9.0,9.0,1,102.107,2
08_three_agent_dense,staged_w10_3to8_a3,0,True,6.62502,9.0,,,9.0,9.0,1,102.777,3
08_three_agent_dense,staged_w10_3to8_a3,0,True,6.36717,9.0,,,9.0,9.0,1,102.252,4
08_three_agent_dense,staged_w10_3to8_a3,0,True,6.18893,9.0,,,9.0,9.0,1,102.154,5
09_three_agent_diagonal,staged_w10_3to8_a3,0,True,11.8298,6.5,,,6.5,6.5,1,104.124,1
09_three_agent_diagonal,staged_w10_3to8_a3,0,True,11.1936,6.5,,,6.5,6.5,1,103.521,2
09_three_agent_diagonal,staged_w10_3to8_a3,0,True,11.1591,6.5,,,6.5,6.5,1,103.964,3
09_three_agent_diagonal,staged_w10_3to8_a3,0,True,9.6113,6.5,,,6.5,6.5,1,104.614,4
09_three_agent_diagonal,staged_w10_3to8_a3,0,True,10.0949,6.5,,,6.5,6.5,1,108.702,5
10_three_agent_swap_and_exit,staged_w10_3to8_a3,0,True,15.9403,9.5,,,9.5,9.5,1,102.817,1
10_three_agent_swap_and_exit,staged_w10_3to8_a3,0,True,14.3244,9.5,,,9.5,9.5,1,103.08,2
10_three_agent_swap_and_exit,staged_w10_3to8_a3,0,True,13.8244,9.5,,,9.5,9.5,1,102.986,3
10_three_agent_swap_and_exit,staged_w10_3to8_a3,0,True,14.3851,9.5,,,9.5,9.5,1,103.144,4
10_three_agent_swap_and_exit,staged_w10_3to8_a3,0,True,15.6655,9.5,,,9.5,9.5,1,102.892,5
11_three_agent_fast_cycle,staged_w10_3to8_a3,0,True,2.14675,7.0,4.50933,6.0,6.0,6.0,2,102.693,1
11_three_agent_fast_cycle,staged_w10_3to8_a3,0,True,2.16576,7.0,4.54418,6.0,6.0,6.0,2,102.567,2
11_three_agent_fast_cycle,staged_w10_3to8_a3,0,True,2.11304,7.0,4.45579,6.0,6.0,6.0,2,102.565,3
11_three_agent_fast_cycle,staged_w10_3to8_a3,0,True,2.13657,7.0,4.4901,6.0,6.0,6.0,2,102.628,4
11_three_agent_fast_cycle,staged_w10_3to8_a3,0,True,2.30234,7.0,4.84077,6.0,6.0,6.0,2,102.478,5
12_one_agent_left_dock,staged_w10_3to8_a3,0,True,0.112835,1.5,,,1.5,1.5,1,0.301901,1
12_one_agent_left_dock,staged_w10_3to8_a3,0,True,0.100327,1.5,,,1.5,1.5,1,0.276831,2
12_one_agent_left_dock,staged_w10_3to8_a3,0,True,0.104713,1.5,,,1.5,1.5,1,0.280373,3
12_one_agent_left_dock,staged_w10_3to8_a3,0,True,0.10212,1.5,,,1.5,1.5,1,0.295427,4
12_one_agent_left_dock,staged_w10_3to8_a3,0,True,0.10553,1.5,,,1.5,1.5,1,0.280199,5
13_one_agent_right_dock,staged_w10_3to8_a3,0,True,0.116556,1.5,,,1.5,1.5,1,0.563221,1
13_one_agent_right_dock,staged_w10_3to8_a3,0,True,0.104073,1.5,,,1.5,1.5,1,0.536582,2
13_one_agent_right_dock,staged_w10_3to8_a3,0,True,0.108435,1.5,,,1.5,1.5,1,0.542654,3
13_one_agent_right_dock,staged_w10_3to8_a3,0,True,0.100343,1.5,,,1.5,1.5,1,0.539539,4
13_one_agent_right_dock,staged_w10_3to8_a3,0,True,0.13704,1.5,,,1.5,1.5,1,0.620827,5
14_one_agent_bottom_reverse,staged_w10_3to8_a3,0,True,1.28894,3.5,,,3.5,3.5,1,6.84601,1
14_one_agent_bottom_reverse,staged_w10_3to8_a3,0,True,1.17842,3.5,,,3.5,3.5,1,6.31302,2
14_one_agent_bottom_reverse,staged_w10_3to8_a3,0,True,1.17187,3.5,,,3.5,3.5,1,6.25538,3
14_one_agent_bottom_reverse,staged_w10_3to8_a3,0,True,1.24975,3.5,,,3.5,3.5,1,6.8399,4
14_one_agent_bottom_reverse,staged_w10_3to8_a3,0,True,1.14459,3.5,,,3.5,3.5,1,6.1946,5
15_one_agent_top_transfer,staged_w10_3to8_a3,0,True,0.40177,2.0,,,2.0,2.0,1,2.4863,1
15_one_agent_top_transfer,staged_w10_3to8_a3,0,True,0.683149,2.0,,,2.0,2.0,1,3.97418,2
15_one_agent_top_transfer,staged_w10_3to8_a3,0,True,0.431993,2.0,,,2.0,2.0,1,2.59023,3
15_one_agent_top_transfer,staged_w10_3to8_a3,0,True,0.426171,2.0,,,2.0,2.0,1,2.60251,4
15_one_agent_top_transfer,staged_w10_3to8_a3,0,True,0.415226,2.0,,,2.0,2.0,1,2.53976,5
16_one_agent_diagonal_goal,staged_w10_3to8_a3,0,True,46.1114,5.5,,,5.5,5.5,1,52.2824,1
16_one_agent_diagonal_goal,staged_w10_3to8_a3,0,True,48.0456,5.5,,,5.5,5.5,1,54.4134,2
16_one_agent_diagonal_goal,staged_w10_3to8_a3,0,True,44.8737,5.5,,,5.5,5.5,1,50.9932,3
16_one_agent_diagonal_goal,staged_w10_3to8_a3,0,True,46.1428,5.5,,,5.5,5.5,1,52.5746,4
16_one_agent_diagonal_goal,staged_w10_3to8_a3,0,True,44.7669,5.5,,,5.5,5.5,1,51.3834,5
17_one_agent_diagonal_shift,staged_w10_3to8_a3,0,True,0.336731,3.5,,,3.5,3.5,1,6.13971,1
17_one_agent_diagonal_shift,staged_w10_3to8_a3,0,True,0.324368,3.5,,,3.5,3.5,1,6.027,2
17_one_agent_diagonal_shift,staged_w10_3to8_a3,0,True,0.3419,3.5,,,3.5,3.5,1,6.2626,3
17_one_agent_diagonal_shift,staged_w10_3to8_a3,0,True,0.673099,3.5,,,3.5,3.5,1,10.8091,4
17_one_agent_diagonal_shift,staged_w10_3to8_a3,0,True,0.385872,3.5,,,3.5,3.5,1,7.47709,5
18_one_agent_top_lane,staged_w10_3to8_a3,0,True,0.686004,4.0,,,4.0,4.0,1,39.8429,1
18_one_agent_top_lane,staged_w10_3to8_a3,0,True,0.596349,4.0,,,4.0,4.0,1,37.2626,2
18_one_agent_top_lane,staged_w10_3to8_a3,0,True,0.602312,4.0,,,4.0,4.0,1,37.4879,3
18_one_agent_top_lane,staged_w10_3to8_a3,0,True,0.591772,4.0,,,4.0,4.0,1,36.0618,4
18_one_agent_top_lane,staged_w10_3to8_a3,0,True,0.611679,4.0,,,4.0,4.0,1,38.9033,5
19_two_agent_diverge,staged_w10_3to8_a3,0,True,0.442652,4.5,2.37722,4.0,3.5,3.5,3,13.6873,1
19_two_agent_diverge,staged_w10_3to8_a3,0,True,0.458397,4.5,2.42386,4.0,3.5,3.5,3,13.9581,2
19_two_agent_diverge,staged_w10_3to8_a3,0,True,0.447257,4.5,2.33813,4.0,3.5,3.5,3,13.2179,3
19_two_agent_diverge,staged_w10_3to8_a3,0,True,0.443007,4.5,2.38249,4.0,3.5,3.5,3,13.7728,4
19_two_agent_diverge,staged_w10_3to8_a3,0,True,0.595911,4.5,2.60302,4.0,3.5,3.5,3,14.6553,5
20_two_agent_center_exchange,staged_w10_3to8_a3,0,True,0.944268,2.5,3.13965,2.0,2.0,2.0,2,3.21846,1
20_two_agent_center_exchange,staged_w10_3to8_a3,0,True,0.955811,2.5,3.17512,2.0,2.0,2.0,2,3.25211,2
20_two_agent_center_exchange,staged_w10_3to8_a3,0,True,0.928927,2.5,3.11475,2.0,2.0,2.0,2,3.19266,3
20_two_agent_center_exchange,staged_w10_3to8_a3,0,True,0.941952,2.5,3.1393,2.0,2.0,2.0,2,3.21946,4
20_two_agent_center_exchange,staged_w10_3to8_a3,0,True,0.933469,2.5,3.14679,2.0,2.0,2.0,2,3.22597,5
21_two_agent_long_relocation,staged_w10_3to8_a3,0,True,0.405129,3.0,6.08763,2.5,2.5,2.5,2,8.96359,1
21_two_agent_long_relocation,staged_w10_3to8_a3,0,True,0.403954,3.0,6.07766,2.5,2.5,2.5,2,8.91692,2
21_two_agent_long_relocation,staged_w10_3to8_a3,0,True,0.404101,3.0,6.07164,2.5,2.5,2.5,2,8.9121,3
21_two_agent_long_relocation,staged_w10_3to8_a3,0,True,0.437382,3.0,6.45416,2.5,2.5,2.5,2,9.44328,4
21_two_agent_long_relocation,staged_w10_3to8_a3,0,True,0.393324,3.0,5.95932,2.5,2.5,2.5,2,8.7373,5
22_two_agent_vertical_top,staged_w10_3to8_a3,0,True,0.513552,5.0,8.36325,4.0,4.0,4.0,2,21.5079,1
22_two_agent_vertical_top,staged_w10_3to8_a3,0,True,0.470564,5.0,7.67966,4.0,4.0,4.0,2,18.9793,2
22_two_agent_vertical_top,staged_w10_3to8_a3,0,True,0.504367,5.0,8.28648,4.0,4.0,4.0,2,20.4512,3
22_two_agent_vertical_top,staged_w10_3to8_a3,0,True,0.474243,5.0,7.84798,4.0,4.0,4.0,2,19.4807,4
22_two_agent_vertical_top,staged_w10_3to8_a3,0,True,0.498204,5.0,9.69936,4.0,4.0,4.0,2,20.7674,5
23_two_agent_top_to_center,staged_w10_3to8_a3,0,True,3.33854,10.0,,,10.0,10.0,1,102.881,1
23_two_agent_top_to_center,staged_w10_3to8_a3,0,True,3.46477,10.0,,,10.0,10.0,1,103.16,2
23_two_agent_top_to_center,staged_w10_3to8_a3,0,True,3.30125,10.0,,,10.0,10.0,1,102.846,3
23_two_agent_top_to_center,staged_w10_3to8_a3,0,True,3.21585,10.0,,,10.0,10.0,1,103.437,4
23_two_agent_top_to_center,staged_w10_3to8_a3,0,True,3.09906,10.0,,,10.0,10.0,1,102.736,5
24_two_agent_top_swap,staged_w10_3to8_a3,0,True,0.60973,4.0,1.59494,3.5,3.5,3.5,2,8.85535,1
24_two_agent_top_swap,staged_w10_3to8_a3,0,True,0.631554,4.0,1.69584,3.5,3.5,3.5,2,9.57802,2
24_two_agent_top_swap,staged_w10_3to8_a3,0,True,0.651433,4.0,1.70556,3.5,3.5,3.5,2,9.41823,3
24_two_agent_top_swap,staged_w10_3to8_a3,0,True,0.630528,4.0,1.65577,3.5,3.5,3.5,2,9.41129,4
24_two_agent_top_swap,staged_w10_3to8_a3,0,True,0.622765,4.0,1.64966,3.5,3.5,3.5,2,9.40303,5
25_two_agent_cross_lane,staged_w10_3to8_a3,0,True,0.342663,3.0,,,3.0,3.0,1,7.16271,1
25_two_agent_cross_lane,staged_w10_3to8_a3,0,True,0.30964,3.0,,,3.0,3.0,1,6.74148,2
25_two_agent_cross_lane,staged_w10_3to8_a3,0,True,0.30333,3.0,,,3.0,3.0,1,6.50464,3
25_two_agent_cross_lane,staged_w10_3to8_a3,0,True,0.318541,3.0,,,3.0,3.0,1,6.80989,4
25_two_agent_cross_lane,staged_w10_3to8_a3,0,True,0.324789,3.0,,,3.0,3.0,1,9.23655,5
26_three_agent_corner_relay,staged_w10_3to8_a3,0,True,73.2508,9.5,,,,9.5,1,105.729,1
26_three_agent_corner_relay,staged_w10_3to8_a3,0,True,74.9514,9.5,,,,9.5,1,103.865,2
26_three_agent_corner_relay,staged_w10_3to8_a3,0,True,73.6062,9.5,,,,9.5,1,103.315,3
26_three_agent_corner_relay,staged_w10_3to8_a3,0,True,73.724,9.5,,,,9.5,1,103.009,4
26_three_agent_corner_relay,staged_w10_3to8_a3,0,True,73.3056,9.5,,,,9.5,1,103.625,5
27_three_agent_compact_cycle,staged_w10_3to8_a3,0,True,0.99301,6.0,,,6.0,6.0,1,103.242,1
27_three_agent_compact_cycle,staged_w10_3to8_a3,0,True,0.919008,6.0,,,6.0,6.0,1,103.512,2
27_three_agent_compact_cycle,staged_w10_3to8_a3,0,True,0.971967,6.0,,,6.0,6.0,1,103.973,3
27_three_agent_compact_cycle,staged_w10_3to8_a3,0,True,0.9337,6.0,,,6.0,6.0,1,103.568,4
27_three_agent_compact_cycle,staged_w10_3to8_a3,0,True,0.907011,6.0,,,6.0,6.0,1,103.558,5
28_three_agent_center_swap,staged_w10_3to8_a3,0,True,4.21893,8.0,,,8.0,8.0,1,102.431,1
28_three_agent_center_swap,staged_w10_3to8_a3,0,True,4.17739,8.0,,,8.0,8.0,1,102.498,2
28_three_agent_center_swap,staged_w10_3to8_a3,0,True,4.24097,8.0,,,8.0,8.0,1,103.155,3
28_three_agent_center_swap,staged_w10_3to8_a3,0,True,4.21701,8.0,,,8.0,8.0,1,102.435,4
28_three_agent_center_swap,staged_w10_3to8_a3,0,True,4.36711,8.0,,,8.0,8.0,1,102.243,5
29_three_agent_lane_mix,staged_w10_3to8_a3,0,True,0.936509,5.0,21.9132,4.5,4.5,4.5,2,35.9805,1
29_three_agent_lane_mix,staged_w10_3to8_a3,0,True,0.975356,5.0,22.6161,4.5,4.5,4.5,2,36.6874,2
29_three_agent_lane_mix,staged_w10_3to8_a3,0,True,0.954799,5.0,21.4448,4.5,4.5,4.5,2,34.4637,3
29_three_agent_lane_mix,staged_w10_3to8_a3,0,True,0.949705,5.0,33.0916,4.5,4.5,4.5,2,46.9422,4
29_three_agent_lane_mix,staged_w10_3to8_a3,0,True,0.975949,5.0,21.9158,4.5,4.5,4.5,2,35.8184,5
30_three_agent_corner_cycle,staged_w10_3to8_a3,0,True,0.964041,5.5,,,5.5,5.5,1,105.061,1
30_three_agent_corner_cycle,staged_w10_3to8_a3,0,True,0.955335,5.5,,,5.5,5.5,1,105.005,2
30_three_agent_corner_cycle,staged_w10_3to8_a3,0,True,0.93338,5.5,,,5.5,5.5,1,105.413,3
30_three_agent_corner_cycle,staged_w10_3to8_a3,0,True,0.958967,5.5,,,5.5,5.5,1,105.795,4
30_three_agent_corner_cycle,staged_w10_3to8_a3,0,True,0.89936,5.5,,,5.5,5.5,1,104.932,5
01_one_agent_cross_workspace,staged_w10_3to4_a3_lazy,0,True,14.5883,6.5,,,6.5,6.5,1,80.4057,1
01_one_agent_cross_workspace,staged_w10_3to4_a3_lazy,0,True,14.9106,6.5,,,6.5,6.5,1,81.5845,2
01_one_agent_cross_workspace,staged_w10_3to4_a3_lazy,0,True,15.6469,6.5,,,6.5,6.5,1,83.9022,3
01_one_agent_cross_workspace,staged_w10_3to4_a3_lazy,0,True,15.5488,6.5,,,6.5,6.5,1,81.7069,4
01_one_agent_cross_workspace,staged_w10_3to4_a3_lazy,0,True,14.8136,6.5,,,6.5,6.5,1,81.0439,5
02_one_agent_short_turn,staged_w10_3to4_a3_lazy,0,True,0.103748,4.0,,,4.0,4.0,1,4.6765,1
02_one_agent_short_turn,staged_w10_3to4_a3_lazy,0,True,0.099872,4.0,,,4.0,4.0,1,4.99245,2
02_one_agent_short_turn,staged_w10_3to4_a3_lazy,0,True,0.128276,4.0,,,4.0,4.0,1,5.0484,3
02_one_agent_short_turn,staged_w10_3to4_a3_lazy,0,True,0.099807,4.0,,,4.0,4.0,1,4.56325,4
02_one_agent_short_turn,staged_w10_3to4_a3_lazy,0,True,0.103995,4.0,,,4.0,4.0,1,4.93529,5
03_one_agent_top_reorient,staged_w10_3to4_a3_lazy,0,True,0.289512,3.5,,,3.5,3.5,1,4.61638,1
03_one_agent_top_reorient,staged_w10_3to4_a3_lazy,0,True,0.26995,3.5,,,3.5,3.5,1,4.29231,2
03_one_agent_top_reorient,staged_w10_3to4_a3_lazy,0,True,0.262632,3.5,,,3.5,3.5,1,4.12405,3
03_one_agent_top_reorient,staged_w10_3to4_a3_lazy,0,True,0.257246,3.5,,,3.5,3.5,1,4.11659,4
03_one_agent_top_reorient,staged_w10_3to4_a3_lazy,0,True,0.258502,3.5,,,3.5,3.5,1,4.13211,5
04_two_agent_relocation,staged_w10_3to4_a3_lazy,0,True,0.268447,4.5,5.06991,4.0,4.0,4.0,2,8.53185,1
04_two_agent_relocation,staged_w10_3to4_a3_lazy,0,True,0.309328,4.5,5.47655,4.0,4.0,4.0,2,9.28504,2
04_two_agent_relocation,staged_w10_3to4_a3_lazy,0,True,0.30964,4.5,5.55014,4.0,4.0,4.0,2,9.42545,3
04_two_agent_relocation,staged_w10_3to4_a3_lazy,0,True,0.281019,4.5,5.63368,4.0,4.0,4.0,2,9.4055,4
04_two_agent_relocation,staged_w10_3to4_a3_lazy,0,True,0.285925,4.5,5.67398,4.0,4.0,4.0,2,9.55079,5
05_two_agent_crossing,staged_w10_3to4_a3_lazy,0,True,3.03316,10.0,6.85537,9.5,8.0,7.0,5,95.1173,1
05_two_agent_crossing,staged_w10_3to4_a3_lazy,0,True,3.00111,10.0,6.90376,9.5,8.0,7.0,5,95.8314,2
05_two_agent_crossing,staged_w10_3to4_a3_lazy,0,True,2.85567,10.0,6.7594,9.5,8.0,7.0,5,95.7864,3
05_two_agent_crossing,staged_w10_3to4_a3_lazy,0,True,2.75751,10.0,6.37756,9.5,8.0,7.0,5,86.4973,4
05_two_agent_crossing,staged_w10_3to4_a3_lazy,0,True,2.80036,10.0,6.50478,9.5,8.0,7.0,5,87.6375,5
06_two_agent_diagonal,staged_w10_3to4_a3_lazy,0,True,1.60844,6.5,4.48091,6.0,5.5,5.5,3,17.2152,1
06_two_agent_diagonal,staged_w10_3to4_a3_lazy,0,True,1.58978,6.5,4.36976,6.0,5.5,5.5,3,15.9883,2
06_two_agent_diagonal,staged_w10_3to4_a3_lazy,0,True,1.69039,6.5,4.71503,6.0,5.5,5.5,3,17.533,3
06_two_agent_diagonal,staged_w10_3to4_a3_lazy,0,True,1.61481,6.5,4.55824,6.0,5.5,5.5,3,17.5504,4
06_two_agent_diagonal,staged_w10_3to4_a3_lazy,0,True,1.63201,6.5,4.56009,6.0,5.5,5.5,3,17.6402,5
07_three_agent_relay,staged_w10_3to4_a3_lazy,0,True,5.74315,10.0,18.4051,9.0,6.0,6.0,4,45.1373,1
07_three_agent_relay,staged_w10_3to4_a3_lazy,0,True,5.89196,10.0,18.4701,9.0,6.0,6.0,4,45.5329,2
07_three_agent_relay,staged_w10_3to4_a3_lazy,0,True,5.82676,10.0,18.1706,9.0,6.0,6.0,4,44.8468,3
07_three_agent_relay,staged_w10_3to4_a3_lazy,0,True,6.12075,10.0,19.5114,9.0,6.0,6.0,4,50.23,4
07_three_agent_relay,staged_w10_3to4_a3_lazy,0,True,6.42294,10.0,20.2495,9.0,6.0,6.0,4,49.7784,5
08_three_agent_dense,staged_w10_3to4_a3_lazy,0,True,6.16293,9.0,17.6388,8.5,8.5,6.5,3,100.159,1
08_three_agent_dense,staged_w10_3to4_a3_lazy,0,True,5.55707,9.0,16.0525,8.5,8.5,6.5,3,89.9336,2
08_three_agent_dense,staged_w10_3to4_a3_lazy,0,True,5.42619,9.0,15.5239,8.5,8.5,6.5,3,90.9421,3
08_three_agent_dense,staged_w10_3to4_a3_lazy,0,True,7.26701,9.0,17.6014,8.5,8.5,6.5,3,92.5718,4
08_three_agent_dense,staged_w10_3to4_a3_lazy,0,True,5.87442,9.0,16.5776,8.5,8.5,6.5,3,92.3219,5
09_three_agent_diagonal,staged_w10_3to4_a3_lazy,0,True,10.1862,6.5,,,6.5,6.5,1,83.6437,1
09_three_agent_diagonal,staged_w10_3to4_a3_lazy,0,True,10.5519,6.5,,,6.5,6.5,1,85.2151,2
09_three_agent_diagonal,staged_w10_3to4_a3_lazy,0,True,10.1594,6.5,,,6.5,6.5,1,85.0881,3
09_three_agent_diagonal,staged_w10_3to4_a3_lazy,0,True,9.35138,6.5,,,6.5,6.5,1,75.5366,4
09_three_agent_diagonal,staged_w10_3to4_a3_lazy,0,True,10.4412,6.5,,,6.5,6.5,1,78.2767,5
10_three_agent_swap_and_exit,staged_w10_3to4_a3_lazy,0,True,2.83783,8.0,24.0325,7.0,7.0,6.0,4,87.3874,1
10_three_agent_swap_and_exit,staged_w10_3to4_a3_lazy,0,True,2.83439,8.0,24.6095,7.0,7.0,6.0,4,88.5916,2
10_three_agent_swap_and_exit,staged_w10_3to4_a3_lazy,0,True,4.58096,8.0,27.3046,7.0,7.0,6.0,4,97.2342,3
10_three_agent_swap_and_exit,staged_w10_3to4_a3_lazy,0,True,2.9026,8.0,25.0573,7.0,7.0,6.0,4,87.7171,4
10_three_agent_swap_and_exit,staged_w10_3to4_a3_lazy,0,True,3.44549,8.0,26.2508,7.0,7.0,6.0,4,96.1243,5
11_three_agent_fast_cycle,staged_w10_3to4_a3_lazy,0,True,9.3315,7.5,10.0166,6.5,6.0,6.0,3,49.4745,1
11_three_agent_fast_cycle,staged_w10_3to4_a3_lazy,0,True,9.25775,7.5,9.94446,6.5,6.0,6.0,3,49.3262,2
11_three_agent_fast_cycle,staged_w10_3to4_a3_lazy,0,True,9.21993,7.5,9.91426,6.5,6.0,6.0,3,49.2283,3
11_three_agent_fast_cycle,staged_w10_3to4_a3_lazy,0,True,10.1551,7.5,10.8999,6.5,6.0,6.0,3,54.9467,4
11_three_agent_fast_cycle,staged_w10_3to4_a3_lazy,0,True,9.34271,7.5,10.05,6.5,6.0,6.0,3,49.2632,5
12_one_agent_left_dock,staged_w10_3to4_a3_lazy,0,True,0.070284,1.5,,,1.5,1.5,1,0.137505,1
12_one_agent_left_dock,staged_w10_3to4_a3_lazy,0,True,0.069695,1.5,,,1.5,1.5,1,0.131075,2
12_one_agent_left_dock,staged_w10_3to4_a3_lazy,0,True,0.068164,1.5,,,1.5,1.5,1,0.132128,3
12_one_agent_left_dock,staged_w10_3to4_a3_lazy,0,True,0.066238,1.5,,,1.5,1.5,1,0.127858,4
12_one_agent_left_dock,staged_w10_3to4_a3_lazy,0,True,0.067756,1.5,,,1.5,1.5,1,0.127959,5
13_one_agent_right_dock,staged_w10_3to4_a3_lazy,0,True,0.068676,1.5,,,1.5,1.5,1,0.190824,1
13_one_agent_right_dock,staged_w10_3to4_a3_lazy,0,True,0.066545,1.5,,,1.5,1.5,1,0.19385,2
13_one_agent_right_dock,staged_w10_3to4_a3_lazy,0,True,0.063356,1.5,,,1.5,1.5,1,0.186943,3
13_one_agent_right_dock,staged_w10_3to4_a3_lazy,0,True,0.070749,1.5,,,1.5,1.5,1,0.194656,4
13_one_agent_right_dock,staged_w10_3to4_a3_lazy,0,True,0.065244,1.5,,,1.5,1.5,1,0.186987,5
14_one_agent_bottom_reverse,staged_w10_3to4_a3_lazy,0,True,0.89676,3.5,,,3.5,3.5,1,2.05535,1
14_one_agent_bottom_reverse,staged_w10_3to4_a3_lazy,0,True,0.889509,3.5,,,3.5,3.5,1,2.04244,2
14_one_agent_bottom_reverse,staged_w10_3to4_a3_lazy,0,True,1.92636,3.5,,,3.5,3.5,1,3.28789,3
14_one_agent_bottom_reverse,staged_w10_3to4_a3_lazy,0,True,0.869631,3.5,,,3.5,3.5,1,2.04841,4
14_one_agent_bottom_reverse,staged_w10_3to4_a3_lazy,0,True,0.971769,3.5,,,3.5,3.5,1,2.14894,5
15_one_agent_top_transfer,staged_w10_3to4_a3_lazy,0,True,0.252675,2.0,,,2.0,2.0,1,0.632014,1
15_one_agent_top_transfer,staged_w10_3to4_a3_lazy,0,True,0.249982,2.0,,,2.0,2.0,1,0.633326,2
15_one_agent_top_transfer,staged_w10_3to4_a3_lazy,0,True,0.248909,2.0,,,2.0,2.0,1,0.624727,3
15_one_agent_top_transfer,staged_w10_3to4_a3_lazy,0,True,0.251214,2.0,,,2.0,2.0,1,0.631876,4
15_one_agent_top_transfer,staged_w10_3to4_a3_lazy,0,True,0.258271,2.0,,,2.0,2.0,1,0.650697,5
16_one_agent_diagonal_goal,staged_w10_3to4_a3_lazy,0,True,8.32841,8.5,,,8.5,8.5,1,8.97532,1
16_one_agent_diagonal_goal,staged_w10_3to4_a3_lazy,0,True,9.06569,8.5,,,8.5,8.5,1,9.80747,2
16_one_agent_diagonal_goal,staged_w10_3to4_a3_lazy,0,True,9.56555,8.5,,,8.5,8.5,1,10.237,3
16_one_agent_diagonal_goal,staged_w10_3to4_a3_lazy,0,True,9.57618,8.5,,,8.5,8.5,1,10.2693,4
16_one_agent_diagonal_goal,staged_w10_3to4_a3_lazy,0,True,10.009,8.5,,,8.5,8.5,1,10.7489,5
17_one_agent_diagonal_shift,staged_w10_3to4_a3_lazy,0,True,0.191045,3.5,,,3.5,3.5,1,1.21524,1
17_one_agent_diagonal_shift,staged_w10_3to4_a3_lazy,0,True,0.18384,3.5,,,3.5,3.5,1,1.12935,2
17_one_agent_diagonal_shift,staged_w10_3to4_a3_lazy,0,True,0.19776,3.5,,,3.5,3.5,1,1.42932,3
17_one_agent_diagonal_shift,staged_w10_3to4_a3_lazy,0,True,0.216143,3.5,,,3.5,3.5,1,1.31423,4
17_one_agent_diagonal_shift,staged_w10_3to4_a3_lazy,0,True,0.242706,3.5,,,3.5,3.5,1,1.32719,5
18_one_agent_top_lane,staged_w10_3to4_a3_lazy,0,True,0.267606,4.0,,,4.0,4.0,1,3.07179,1
18_one_agent_top_lane,staged_w10_3to4_a3_lazy,0,True,0.273763,4.0,,,4.0,4.0,1,3.30945,2
18_one_agent_top_lane,staged_w10_3to4_a3_lazy,0,True,0.286231,4.0,,,4.0,4.0,1,3.39292,3
18_one_agent_top_lane,staged_w10_3to4_a3_lazy,0,True,0.31557,4.0,,,4.0,4.0,1,3.55588,4
18_one_agent_top_lane,staged_w10_3to4_a3_lazy,0,True,0.28555,4.0,,,4.0,4.0,1,3.48924,5
19_two_agent_diverge,staged_w10_3to4_a3_lazy,0,True,0.267842,4.5,5.47407,4.0,4.0,4.0,2,9.63303,1
19_two_agent_diverge,staged_w10_3to4_a3_lazy,0,True,0.292291,4.5,6.30448,4.0,4.0,4.0,2,10.1608,2
19_two_agent_diverge,staged_w10_3to4_a3_lazy,0,True,0.359466,4.5,5.94546,4.0,4.0,4.0,2,11.063,3
19_two_agent_diverge,staged_w10_3to4_a3_lazy,0,True,0.404442,4.5,5.33603,4.0,4.0,4.0,2,9.01478,4
19_two_agent_diverge,staged_w10_3to4_a3_lazy,0,True,0.285655,4.5,5.45578,4.0,4.0,4.0,2,9.14884,5
20_two_agent_center_exchange,staged_w10_3to4_a3_lazy,0,True,0.483835,2.5,1.58251,2.0,2.0,2.0,2,1.60822,1
20_two_agent_center_exchange,staged_w10_3to4_a3_lazy,0,True,0.471656,2.5,1.58635,2.0,2.0,2.0,2,1.6094,2
20_two_agent_center_exchange,staged_w10_3to4_a3_lazy,0,True,0.464495,2.5,1.4956,2.0,2.0,2.0,2,1.51923,3
20_two_agent_center_exchange,staged_w10_3to4_a3_lazy,0,True,0.449451,2.5,1.49114,2.0,2.0,2.0,2,1.51541,4
20_two_agent_center_exchange,staged_w10_3to4_a3_lazy,0,True,0.455954,2.5,1.51974,2.0,2.0,2.0,2,1.54364,5
21_two_agent_long_relocation,staged_w10_3to4_a3_lazy,0,True,0.176459,3.0,,,3.0,3.0,1,2.38991,1
21_two_agent_long_relocation,staged_w10_3to4_a3_lazy,0,True,0.167084,3.0,,,3.0,3.0,1,2.31075,2
21_two_agent_long_relocation,staged_w10_3to4_a3_lazy,0,True,0.261993,3.0,,,3.0,3.0,1,2.85039,3
21_two_agent_long_relocation,staged_w10_3to4_a3_lazy,0,True,0.1769,3.0,,,3.0,3.0,1,2.37061,4
21_two_agent_long_relocation,staged_w10_3to4_a3_lazy,0,True,0.17686,3.0,,,3.0,3.0,1,2.41141,5
22_two_agent_vertical_top,staged_w10_3to4_a3_lazy,0,True,0.35092,5.0,0.655898,4.5,4.5,4.5,2,4.55429,1
22_two_agent_vertical_top,staged_w10_3to4_a3_lazy,0,True,0.347937,5.0,0.618615,4.5,4.5,4.5,2,4.37426,2
22_two_agent_vertical_top,staged_w10_3to4_a3_lazy,0,True,0.34286,5.0,0.619339,4.5,4.5,4.5,2,4.36978,3
22_two_agent_vertical_top,staged_w10_3to4_a3_lazy,0,True,0.356459,5.0,0.634214,4.5,4.5,4.5,2,4.5762,4
22_two_agent_vertical_top,staged_w10_3to4_a3_lazy,0,True,0.370903,5.0,0.668122,4.5,4.5,4.5,2,4.58229,5
23_two_agent_top_to_center,staged_w10_3to4_a3_lazy,0,True,1.81967,10.0,4.33832,9.0,8.0,8.0,3,103.395,1
23_two_agent_top_to_center,staged_w10_3to4_a3_lazy,0,True,1.95759,10.0,4.64648,9.0,8.0,8.0,3,103.228,2
23_two_agent_top_to_center,staged_w10_3to4_a3_lazy,0,True,1.95623,10.0,4.79701,9.0,8.0,8.0,3,103.051,3
23_two_agent_top_to_center,staged_w10_3to4_a3_lazy,0,True,1.9283,10.0,4.65575,9.0,8.0,8.0,3,103.392,4
23_two_agent_top_to_center,staged_w10_3to4_a3_lazy,0,True,1.9203,10.0,4.59168,9.0,8.0,8.0,3,102.606,5
24_two_agent_top_swap,staged_w10_3to4_a3_lazy,0,True,0.492127,4.0,,,4.0,4.0,1,2.72378,1
24_two_agent_top_swap,staged_w10_3to4_a3_lazy,0,True,0.296936,4.0,,,4.0,4.0,1,2.29389,2
24_two_agent_top_swap,staged_w10_3to4_a3_lazy,0,True,0.304511,4.0,,,4.0,4.0,1,2.34971,3
24_two_agent_top_swap,staged_w10_3to4_a3_lazy,0,True,0.32481,4.0,,,4.0,4.0,1,2.40085,4
24_two_agent_top_swap,staged_w10_3to4_a3_lazy,0,True,0.337168,4.0,,,4.0,4.0,1,2.54034,5
25_two_agent_cross_lane,staged_w10_3to4_a3_lazy,0,True,0.232117,3.0,,,3.0,3.0,1,1.56316,1
25_two_agent_cross_lane,staged_w10_3to4_a3_lazy,0,True,0.18306,3.0,,,3.0,3.0,1,1.40364,2
25_two_agent_cross_lane,staged_w10_3to4_a3_lazy,0,True,0.195205,3.0,,,3.0,3.0,1,1.45532,3
25_two_agent_cross_lane,staged_w10_3to4_a3_lazy,0,True,0.184478,3.0,,,3.0,3.0,1,1.46359,4
25_two_agent_cross_lane,staged_w10_3to4_a3_lazy,0,True,0.178694,3.0,,,3.0,3.0,1,1.41822,5
26_three_agent_corner_relay,staged_w10_3to4_a3_lazy,0,True,6.44363,8.5,,,8.5,8.5,1,21.4034,1
26_three_agent_corner_relay,staged_w10_3to4_a3_lazy,0,True,7.36374,8.5,,,8.5,8.5,1,26.1099,2
26_three_agent_corner_relay,staged_w10_3to4_a3_lazy,0,True,6.78724,8.5,,,8.5,8.5,1,23.8106,3
26_three_agent_corner_relay,staged_w10_3to4_a3_lazy,0,True,6.53244,8.5,,,8.5,8.5,1,21.7307,4
26_three_agent_corner_relay,staged_w10_3to4_a3_lazy,0,True,6.36441,8.5,,,8.5,8.5,1,21.5213,5
27_three_agent_compact_cycle,staged_w10_3to4_a3_lazy,0,True,3.68602,7.0,4.42412,6.0,6.0,6.0,2,28.1811,1
27_three_agent_compact_cycle,staged_w10_3to4_a3_lazy,0,True,1.83139,7.0,2.52735,6.0,6.0,6.0,2,25.6284,2
27_three_agent_compact_cycle,staged_w10_3to4_a3_lazy,0,True,1.90416,7.0,2.62461,6.0,6.0,6.0,2,27.4607,3
27_three_agent_compact_cycle,staged_w10_3to4_a3_lazy,0,True,1.89482,7.0,2.61117,6.0,6.0,6.0,2,27.1878,4
27_three_agent_compact_cycle,staged_w10_3to4_a3_lazy,0,True,1.98213,7.0,2.73809,6.0,6.0,6.0,2,30.3711,5
28_three_agent_center_swap,staged_w10_3to4_a3_lazy,0,True,3.00752,8.0,75.9725,7.5,8.0,6.5,3,107.895,1
28_three_agent_center_swap,staged_w10_3to4_a3_lazy,0,True,2.77454,8.0,70.8633,7.5,8.0,6.5,3,104.008,2
28_three_agent_center_swap,staged_w10_3to4_a3_lazy,0,True,2.85814,8.0,71.8054,7.5,8.0,6.5,3,103.822,3
28_three_agent_center_swap,staged_w10_3to4_a3_lazy,0,True,2.84426,8.0,71.1153,7.5,8.0,6.5,3,103.616,4
28_three_agent_center_swap,staged_w10_3to4_a3_lazy,0,True,3.01888,8.0,72.0236,7.5,8.0,6.5,3,103.615,5
29_three_agent_lane_mix,staged_w10_3to4_a3_lazy,0,True,0.489059,5.0,4.71003,4.5,4.5,4.5,2,5.88898,1
29_three_agent_lane_mix,staged_w10_3to4_a3_lazy,0,True,0.562093,5.0,5.62427,4.5,4.5,4.5,2,7.10144,2
29_three_agent_lane_mix,staged_w10_3to4_a3_lazy,0,True,0.557755,5.0,5.00753,4.5,4.5,4.5,2,6.25218,3
29_three_agent_lane_mix,staged_w10_3to4_a3_lazy,0,True,0.461873,5.0,4.61551,4.5,4.5,4.5,2,5.79941,4
29_three_agent_lane_mix,staged_w10_3to4_a3_lazy,0,True,0.486004,5.0,4.75003,4.5,4.5,4.5,2,5.93572,5
30_three_agent_corner_cycle,staged_w10_3to4_a3_lazy,0,True,0.944747,6.0,9.20215,5.5,5.0,5.0,3,12.5953,1
30_three_agent_corner_cycle,staged_w10_3to4_a3_lazy,0,True,1.61384,6.0,10.846,5.5,5.0,5.0,3,14.2432,2
30_three_agent_corner_cycle,staged_w10_3to4_a3_lazy,0,True,0.924428,6.0,8.85115,5.5,5.0,5.0,3,12.0386,3
30_three_agent_corner_cycle,staged_w10_3to4_a3_lazy,0,True,0.907391,6.0,8.74801,5.5,5.0,5.0,3,11.9845,4
30_three_agent_corner_cycle,staged_w10_3to4_a3_lazy,0,True,0.973071,6.0,9.29618,5.5,5.0,5.0,3,13.8693,5
